CREATE DATABASE  IF NOT EXISTS `paymo` /*!40100 DEFAULT CHARACTER SET utf8mb4 COLLATE utf8mb4_unicode_ci */ /*!80016 DEFAULT ENCRYPTION='N' */;
USE `paymo`;
-- MySQL dump 10.13  Distrib 8.0.40, for macos14 (arm64)
--
-- Host: localhost    Database: paymo
-- ------------------------------------------------------
-- Server version	9.1.0

/*!40101 SET @OLD_CHARACTER_SET_CLIENT=@@CHARACTER_SET_CLIENT */;
/*!40101 SET @OLD_CHARACTER_SET_RESULTS=@@CHARACTER_SET_RESULTS */;
/*!40101 SET @OLD_COLLATION_CONNECTION=@@COLLATION_CONNECTION */;
/*!50503 SET NAMES utf8 */;
/*!40103 SET @OLD_TIME_ZONE=@@TIME_ZONE */;
/*!40103 SET TIME_ZONE='+00:00' */;
/*!40014 SET @OLD_UNIQUE_CHECKS=@@UNIQUE_CHECKS, UNIQUE_CHECKS=0 */;
/*!40014 SET @OLD_FOREIGN_KEY_CHECKS=@@FOREIGN_KEY_CHECKS, FOREIGN_KEY_CHECKS=0 */;
/*!40101 SET @OLD_SQL_MODE=@@SQL_MODE, SQL_MODE='NO_AUTO_VALUE_ON_ZERO' */;
/*!40111 SET @OLD_SQL_NOTES=@@SQL_NOTES, SQL_NOTES=0 */;

--
-- Table structure for table `merchants`
--

DROP TABLE IF EXISTS `merchants`;
/*!40101 SET @saved_cs_client     = @@character_set_client */;
/*!50503 SET character_set_client = utf8mb4 */;
CREATE TABLE `merchants` (
  `merchant_id` bigint NOT NULL AUTO_INCREMENT,
  `name` varchar(150) COLLATE utf8mb4_unicode_ci NOT NULL,
  `category` varchar(50) COLLATE utf8mb4_unicode_ci DEFAULT NULL,
  `merchant_code` varchar(50) COLLATE utf8mb4_unicode_ci NOT NULL,
  `created_at` timestamp NULL DEFAULT CURRENT_TIMESTAMP,
  PRIMARY KEY (`merchant_id`),
  UNIQUE KEY `ux_merchants_code` (`merchant_code`)
) ENGINE=InnoDB AUTO_INCREMENT=11 DEFAULT CHARSET=utf8mb4 COLLATE=utf8mb4_unicode_ci;
/*!40101 SET character_set_client = @saved_cs_client */;

--
-- Dumping data for table `merchants`
--

LOCK TABLES `merchants` WRITE;
/*!40000 ALTER TABLE `merchants` DISABLE KEYS */;
INSERT INTO `merchants` VALUES (1,'QuickMart Superstore','Retail','QM001','2025-10-30 19:22:08'),(2,'BlinkBasket Grocery','Groceries','BB002','2025-10-30 19:22:08'),(3,'MetroFuel Stations','Fuel','MF003','2025-10-30 19:22:08'),(4,'ZestPay Electronics','Electronics','ZE004','2025-10-30 19:22:08'),(5,'BookBreeze Online','Books','BB005','2025-10-30 19:22:08'),(6,'StyleHub Fashion','Fashion','SH006','2025-10-30 19:22:08'),(7,'GoRide Cabs','Transport','GR007','2025-10-30 19:22:08'),(8,'EatEase Food Delivery','Food','EE008','2025-10-30 19:22:08'),(9,'ClickCart Marketplace','E-commerce','CC009','2025-10-30 19:22:08'),(10,'PharmaPlus Chemists','Healthcare','PP010','2025-10-30 19:22:08');
/*!40000 ALTER TABLE `merchants` ENABLE KEYS */;
UNLOCK TABLES;

--
-- Table structure for table `tmp_initial_wallets`
--

DROP TABLE IF EXISTS `tmp_initial_wallets`;
/*!40101 SET @saved_cs_client     = @@character_set_client */;
/*!50503 SET character_set_client = utf8mb4 */;
CREATE TABLE `tmp_initial_wallets` (
  `wallet_id` bigint NOT NULL DEFAULT '0',
  `init_balance` decimal(14,2) NOT NULL DEFAULT '0.00'
) ENGINE=InnoDB DEFAULT CHARSET=utf8mb4 COLLATE=utf8mb4_unicode_ci;
/*!40101 SET character_set_client = @saved_cs_client */;

--
-- Dumping data for table `tmp_initial_wallets`
--

LOCK TABLES `tmp_initial_wallets` WRITE;
/*!40000 ALTER TABLE `tmp_initial_wallets` DISABLE KEYS */;
INSERT INTO `tmp_initial_wallets` VALUES (1,3056.33),(2,4924.27),(3,452.35),(4,2488.93),(5,1087.60),(6,2971.20),(7,1593.20),(8,4052.43),(9,482.52),(10,255.30),(11,4828.95),(12,3378.86),(13,2407.46),(14,1900.71),(15,2281.16),(16,703.70),(17,1674.99),(18,1263.88),(19,1294.41),(20,2680.42),(21,4518.89),(22,4553.15),(23,4209.11),(24,2386.09),(25,4303.14),(26,4357.42),(27,3877.66),(28,1316.05),(29,4947.26),(30,788.16),(31,4099.04),(32,3130.70),(33,3356.37),(34,2389.77),(35,1879.74),(36,2229.38),(37,507.68),(38,850.27),(39,2728.29),(40,1090.63),(41,2268.29),(42,3069.58),(43,3543.02),(44,3506.37),(45,1902.77),(46,3994.77),(47,4265.53),(48,4343.32),(49,3920.01),(50,1570.09),(51,1090.45),(52,741.95),(53,438.39),(54,4966.13),(55,3515.48),(56,2679.02),(57,2848.63),(58,1206.11),(59,2484.67),(60,3805.03),(61,1571.12),(62,1440.52),(63,2489.23),(64,3124.58),(65,3155.22),(66,1402.35),(67,2546.11),(68,3523.48),(69,4979.09),(70,4325.01),(71,1687.79),(72,463.93),(73,2256.26),(74,4889.53),(75,2678.85),(76,3725.66),(77,591.75),(78,1781.77),(79,2133.58),(80,322.62),(81,212.37),(82,93.96),(83,4832.71),(84,3881.67),(85,4910.23),(86,2906.15),(87,4800.05),(88,281.78),(89,2008.76),(90,4198.46),(91,4966.03),(92,2234.76),(93,1275.71),(94,4674.27),(95,4544.22),(96,3698.31),(97,4858.89),(98,3199.49),(99,1420.81),(100,2505.59);
/*!40000 ALTER TABLE `tmp_initial_wallets` ENABLE KEYS */;
UNLOCK TABLES;

--
-- Table structure for table `tmp_wallet_net`
--

DROP TABLE IF EXISTS `tmp_wallet_net`;
/*!40101 SET @saved_cs_client     = @@character_set_client */;
/*!50503 SET character_set_client = utf8mb4 */;
CREATE TABLE `tmp_wallet_net` (
  `wallet_id` bigint DEFAULT NULL,
  `net_change` decimal(58,2) DEFAULT NULL
) ENGINE=InnoDB DEFAULT CHARSET=utf8mb4 COLLATE=utf8mb4_unicode_ci;
/*!40101 SET character_set_client = @saved_cs_client */;

--
-- Dumping data for table `tmp_wallet_net`
--

LOCK TABLES `tmp_wallet_net` WRITE;
/*!40000 ALTER TABLE `tmp_wallet_net` DISABLE KEYS */;
INSERT INTO `tmp_wallet_net` VALUES (1,698.23),(2,-3329.58),(3,-3826.20),(4,-642.63),(5,-3300.75),(6,503.60),(7,-1503.07),(8,4102.02),(9,356.35),(10,-767.11),(11,530.67),(12,4771.37),(13,-2287.92),(14,-159.38),(15,-2779.20),(16,-1995.27),(17,8595.15),(18,-3524.35),(19,3458.37),(20,-3583.45),(21,3675.75),(22,-2699.59),(23,-584.70),(24,334.11),(25,-3416.90),(26,2037.30),(27,-1186.69),(28,2586.12),(29,1190.02),(30,3522.47),(31,883.01),(32,-394.83),(33,-490.60),(34,-1486.13),(35,-303.68),(36,-1439.37),(37,289.42),(38,3898.00),(39,476.76),(40,3329.80),(41,1719.47),(42,-1616.26),(43,341.01),(44,131.06),(45,17.35),(46,-673.89),(47,4765.02),(48,-1450.00),(49,-2088.70),(50,2757.88),(51,-219.92),(52,731.16),(53,-220.58),(54,1973.25),(55,1605.13),(56,6878.74),(57,3460.65),(58,-943.43),(59,-1040.57),(60,-200.16),(61,2585.56),(62,-4513.49),(63,-3009.66),(64,1042.30),(65,549.49),(66,-245.11),(67,52.23),(68,8037.85),(69,-552.86),(70,-1339.42),(71,-173.84),(72,-67.93),(73,379.89),(74,-917.01),(75,-4031.62),(76,588.42),(77,183.76),(78,1618.84),(79,2282.46),(80,221.07),(81,-2731.37),(82,1967.78),(83,3485.33),(84,1653.88),(85,3283.33),(87,-126.21),(88,4084.51),(89,-1786.05),(90,-1500.45),(91,-980.25),(92,-623.38),(93,-4007.57),(94,-179.14),(95,958.02),(96,3110.09),(97,3123.84),(98,6647.93),(99,2040.77),(100,2016.39),(86,-1597.62);
/*!40000 ALTER TABLE `tmp_wallet_net` ENABLE KEYS */;
UNLOCK TABLES;

--
-- Table structure for table `transactions`
--

DROP TABLE IF EXISTS `transactions`;
/*!40101 SET @saved_cs_client     = @@character_set_client */;
/*!50503 SET character_set_client = utf8mb4 */;
CREATE TABLE `transactions` (
  `txn_id` bigint NOT NULL AUTO_INCREMENT,
  `wallet_from` bigint DEFAULT NULL,
  `wallet_to` bigint DEFAULT NULL,
  `merchant_id` bigint DEFAULT NULL,
  `type_code` enum('TRANSFER','PAYMENT','TOPUP') COLLATE utf8mb4_unicode_ci NOT NULL DEFAULT 'TRANSFER',
  `amount` decimal(14,2) NOT NULL,
  `status` enum('SUCCESS','FAILED') COLLATE utf8mb4_unicode_ci DEFAULT 'SUCCESS',
  `reference` varchar(100) COLLATE utf8mb4_unicode_ci DEFAULT NULL,
  `created_at` timestamp NULL DEFAULT CURRENT_TIMESTAMP,
  PRIMARY KEY (`txn_id`),
  KEY `idx_txn_created` (`created_at`),
  KEY `idx_txn_wallet_from` (`wallet_from`),
  KEY `idx_txn_wallet_to` (`wallet_to`),
  KEY `idx_txn_merchant` (`merchant_id`),
  CONSTRAINT `transactions_ibfk_1` FOREIGN KEY (`wallet_from`) REFERENCES `wallets` (`wallet_id`) ON DELETE SET NULL,
  CONSTRAINT `transactions_ibfk_2` FOREIGN KEY (`wallet_to`) REFERENCES `wallets` (`wallet_id`) ON DELETE SET NULL,
  CONSTRAINT `transactions_ibfk_3` FOREIGN KEY (`merchant_id`) REFERENCES `merchants` (`merchant_id`) ON DELETE SET NULL
) ENGINE=InnoDB AUTO_INCREMENT=661 DEFAULT CHARSET=utf8mb4 COLLATE=utf8mb4_unicode_ci;
/*!40101 SET character_set_client = @saved_cs_client */;

--
-- Dumping data for table `transactions`
--

LOCK TABLES `transactions` WRITE;
/*!40000 ALTER TABLE `transactions` DISABLE KEYS */;
INSERT INTO `transactions` VALUES (1,1,2,NULL,'TRANSFER',150.00,'SUCCESS','TXN1001','2025-10-27 19:22:08'),(2,2,3,NULL,'TRANSFER',50.00,'SUCCESS','TXN1002','2025-10-28 19:22:08'),(3,4,NULL,1,'PAYMENT',120.00,'SUCCESS','TXN1003','2025-10-29 19:22:08'),(4,5,NULL,2,'PAYMENT',250.00,'SUCCESS','TXN1004','2025-10-26 19:22:08'),(5,6,NULL,3,'PAYMENT',800.00,'SUCCESS','TXN1005','2025-10-29 19:22:08'),(6,7,8,NULL,'TRANSFER',90.00,'SUCCESS','TXN1006','2025-10-24 19:22:08'),(7,9,NULL,4,'PAYMENT',600.00,'SUCCESS','TXN1007','2025-10-25 19:22:08'),(8,10,NULL,5,'PAYMENT',110.00,'SUCCESS','TXN1008','2025-10-27 19:22:08'),(9,11,12,NULL,'TRANSFER',500.00,'SUCCESS','TXN1009','2025-10-29 19:22:08'),(10,13,NULL,6,'PAYMENT',700.00,'SUCCESS','TXN1010','2025-10-23 19:22:08'),(11,14,15,NULL,'TRANSFER',200.00,'SUCCESS','TXN1011','2025-10-28 19:22:08'),(12,16,NULL,7,'PAYMENT',320.00,'SUCCESS','TXN1012','2025-10-29 19:22:08'),(13,17,18,NULL,'TRANSFER',150.00,'SUCCESS','TXN1013','2025-10-25 19:22:08'),(14,19,NULL,8,'PAYMENT',450.00,'SUCCESS','TXN1014','2025-10-26 19:22:08'),(15,20,NULL,9,'PAYMENT',999.00,'SUCCESS','TXN1015','2025-10-27 19:22:08'),(16,21,NULL,10,'PAYMENT',250.00,'SUCCESS','TXN1016','2025-10-28 19:22:08'),(17,22,23,NULL,'TRANSFER',60.00,'SUCCESS','TXN1017','2025-10-29 19:22:08'),(18,24,NULL,2,'PAYMENT',340.00,'SUCCESS','TXN1018','2025-10-24 19:22:08'),(19,25,26,NULL,'TRANSFER',80.00,'SUCCESS','TXN1019','2025-10-29 19:22:08'),(20,27,NULL,5,'PAYMENT',420.00,'SUCCESS','TXN1020','2025-10-28 19:22:08'),(21,28,29,NULL,'TRANSFER',60.00,'SUCCESS','TXN1021','2025-10-26 19:22:08'),(22,30,NULL,7,'PAYMENT',570.00,'SUCCESS','TXN1022','2025-10-29 19:22:08'),(23,5,NULL,NULL,'TOPUP',2000.00,'SUCCESS','TXN1023','2025-10-29 19:22:08'),(24,8,NULL,NULL,'TOPUP',500.00,'SUCCESS','TXN1024','2025-10-28 19:22:08'),(25,15,NULL,NULL,'TOPUP',1500.00,'SUCCESS','TXN1025','2025-10-27 19:22:08'),(26,66,77,NULL,'TRANSFER',858.84,'SUCCESS','AUTO_W2W_973581','2025-10-22 19:22:08'),(27,59,2,NULL,'TRANSFER',374.00,'SUCCESS','AUTO_W2W_686133','2025-10-24 19:22:08'),(28,22,36,NULL,'TRANSFER',205.83,'SUCCESS','AUTO_W2W_766366','2025-10-24 19:22:08'),(29,83,52,NULL,'TRANSFER',122.47,'SUCCESS','AUTO_W2W_860065','2025-10-01 19:22:08'),(30,44,20,NULL,'TRANSFER',682.04,'SUCCESS','AUTO_W2W_769828','2025-10-09 19:22:08'),(31,40,80,NULL,'TRANSFER',798.40,'SUCCESS','AUTO_W2W_601351','2025-10-18 19:22:08'),(32,44,93,NULL,'TRANSFER',351.23,'SUCCESS','AUTO_W2W_825367','2025-10-28 19:22:08'),(33,98,64,NULL,'TRANSFER',306.17,'SUCCESS','AUTO_W2W_488455','2025-10-20 19:22:08'),(34,46,21,NULL,'TRANSFER',697.09,'SUCCESS','AUTO_W2W_807013','2025-10-04 19:22:08'),(35,7,68,NULL,'TRANSFER',212.05,'SUCCESS','AUTO_W2W_849710','2025-10-11 19:22:08'),(36,77,88,NULL,'TRANSFER',131.95,'SUCCESS','AUTO_W2W_818186','2025-10-09 19:22:08'),(37,27,12,NULL,'TRANSFER',800.64,'SUCCESS','AUTO_W2W_645073','2025-10-11 19:22:08'),(38,48,39,NULL,'TRANSFER',536.77,'SUCCESS','AUTO_W2W_464848','2025-10-16 19:22:08'),(39,24,70,NULL,'TRANSFER',782.88,'SUCCESS','AUTO_W2W_798081','2025-10-14 19:22:08'),(40,50,78,NULL,'TRANSFER',407.53,'SUCCESS','AUTO_W2W_612512','2025-10-09 19:22:08'),(41,89,26,NULL,'TRANSFER',667.27,'SUCCESS','AUTO_W2W_522751','2025-10-19 19:22:08'),(42,59,74,NULL,'TRANSFER',939.79,'SUCCESS','AUTO_W2W_517136','2025-10-15 19:22:08'),(43,15,22,NULL,'TRANSFER',646.39,'SUCCESS','AUTO_W2W_547352','2025-10-12 19:22:08'),(44,52,79,NULL,'TRANSFER',410.03,'SUCCESS','AUTO_W2W_580702','2025-10-14 19:22:08'),(45,7,73,NULL,'TRANSFER',471.41,'SUCCESS','AUTO_W2W_129976','2025-10-05 19:22:08'),(46,8,89,NULL,'TRANSFER',240.27,'SUCCESS','AUTO_W2W_405245','2025-10-28 19:22:08'),(47,46,1,NULL,'TRANSFER',653.08,'SUCCESS','AUTO_W2W_253189','2025-10-02 19:22:08'),(48,23,28,NULL,'TRANSFER',707.28,'SUCCESS','AUTO_W2W_679685','2025-10-26 19:22:08'),(49,80,53,NULL,'TRANSFER',288.40,'SUCCESS','AUTO_W2W_710738','2025-10-11 19:22:08'),(50,17,91,NULL,'TRANSFER',74.70,'SUCCESS','AUTO_W2W_475804','2025-10-30 19:22:08'),(51,80,96,NULL,'TRANSFER',403.28,'SUCCESS','AUTO_W2W_102613','2025-10-04 19:22:08'),(52,49,74,NULL,'TRANSFER',242.13,'SUCCESS','AUTO_W2W_834030','2025-10-16 19:22:08'),(53,91,14,NULL,'TRANSFER',940.77,'SUCCESS','AUTO_W2W_359939','2025-10-12 19:22:08'),(54,29,56,NULL,'TRANSFER',901.62,'SUCCESS','AUTO_W2W_841320','2025-10-18 19:22:08'),(55,68,9,NULL,'TRANSFER',432.86,'SUCCESS','AUTO_W2W_783174','2025-10-13 19:22:08'),(56,66,52,NULL,'TRANSFER',626.15,'SUCCESS','AUTO_W2W_541131','2025-10-12 19:22:08'),(57,69,54,NULL,'TRANSFER',642.32,'SUCCESS','AUTO_W2W_557670','2025-10-10 19:22:08'),(58,84,16,NULL,'TRANSFER',323.81,'SUCCESS','AUTO_W2W_968671','2025-10-02 19:22:08'),(59,92,68,NULL,'TRANSFER',638.14,'SUCCESS','AUTO_W2W_176048','2025-10-14 19:22:08'),(60,58,17,NULL,'TRANSFER',163.39,'SUCCESS','AUTO_W2W_184999','2025-10-27 19:22:08'),(61,29,10,NULL,'TRANSFER',630.40,'SUCCESS','AUTO_W2W_793721','2025-10-30 19:22:08'),(62,80,91,NULL,'TRANSFER',181.80,'SUCCESS','AUTO_W2W_983990','2025-10-16 19:22:08'),(63,53,16,NULL,'TRANSFER',224.16,'SUCCESS','AUTO_W2W_511379','2025-10-08 19:22:08'),(64,31,33,NULL,'TRANSFER',714.80,'SUCCESS','AUTO_W2W_575472','2025-10-14 19:22:08'),(65,13,1,NULL,'TRANSFER',654.52,'SUCCESS','AUTO_W2W_256012','2025-10-02 19:22:08'),(66,27,47,NULL,'TRANSFER',566.79,'SUCCESS','AUTO_W2W_379014','2025-10-03 19:22:08'),(67,67,55,NULL,'TRANSFER',771.01,'SUCCESS','AUTO_W2W_235517','2025-10-16 19:22:08'),(68,93,22,NULL,'TRANSFER',316.59,'SUCCESS','AUTO_W2W_787561','2025-10-01 19:22:08'),(69,60,6,NULL,'TRANSFER',508.61,'SUCCESS','AUTO_W2W_323217','2025-10-07 19:22:08'),(70,22,71,NULL,'TRANSFER',865.09,'SUCCESS','AUTO_W2W_268890','2025-10-20 19:22:08'),(71,26,21,NULL,'TRANSFER',263.70,'SUCCESS','AUTO_W2W_571839','2025-10-02 19:22:08'),(72,16,96,NULL,'TRANSFER',347.86,'SUCCESS','AUTO_W2W_723094','2025-10-15 19:22:08'),(73,53,8,NULL,'TRANSFER',813.57,'SUCCESS','AUTO_W2W_807278','2025-10-15 19:22:08'),(74,24,61,NULL,'TRANSFER',381.30,'SUCCESS','AUTO_W2W_923985','2025-10-15 19:22:08'),(75,92,96,NULL,'TRANSFER',113.85,'SUCCESS','AUTO_W2W_510499','2025-10-28 19:22:08'),(76,3,90,NULL,'TRANSFER',424.32,'SUCCESS','AUTO_W2W_357779','2025-10-23 19:22:08'),(77,40,21,NULL,'TRANSFER',857.70,'SUCCESS','AUTO_W2W_673508','2025-10-11 19:22:08'),(78,27,43,NULL,'TRANSFER',351.33,'SUCCESS','AUTO_W2W_385309','2025-10-11 19:22:08'),(79,22,19,NULL,'TRANSFER',294.71,'SUCCESS','AUTO_W2W_769550','2025-10-02 19:22:08'),(80,51,68,NULL,'TRANSFER',868.28,'SUCCESS','AUTO_W2W_356097','2025-10-05 19:22:08'),(81,34,19,NULL,'TRANSFER',902.54,'SUCCESS','AUTO_W2W_943081','2025-10-01 19:22:08'),(82,15,77,NULL,'TRANSFER',403.22,'SUCCESS','AUTO_W2W_613409','2025-10-08 19:22:08'),(83,98,66,NULL,'TRANSFER',382.49,'SUCCESS','AUTO_W2W_809967','2025-10-04 19:22:08'),(84,11,85,NULL,'TRANSFER',897.57,'SUCCESS','AUTO_W2W_943205','2025-10-30 19:22:08'),(85,23,13,NULL,'TRANSFER',922.47,'SUCCESS','AUTO_W2W_305882','2025-10-19 19:22:08'),(86,26,12,NULL,'TRANSFER',830.63,'SUCCESS','AUTO_W2W_777858','2025-10-21 19:22:08'),(87,25,32,NULL,'TRANSFER',867.32,'SUCCESS','AUTO_W2W_411403','2025-10-26 19:22:08'),(88,71,9,NULL,'TRANSFER',353.90,'SUCCESS','AUTO_W2W_401353','2025-10-09 19:22:08'),(89,57,70,NULL,'TRANSFER',790.06,'SUCCESS','AUTO_W2W_824666','2025-10-10 19:22:08'),(90,3,8,NULL,'TRANSFER',338.18,'SUCCESS','AUTO_W2W_354346','2025-10-15 19:22:08'),(91,67,83,NULL,'TRANSFER',176.55,'SUCCESS','AUTO_W2W_266651','2025-10-15 19:22:08'),(92,8,80,NULL,'TRANSFER',780.96,'SUCCESS','AUTO_W2W_504521','2025-10-02 19:22:08'),(93,35,92,NULL,'TRANSFER',566.77,'SUCCESS','AUTO_W2W_972306','2025-10-24 19:22:08'),(94,17,18,NULL,'TRANSFER',414.38,'SUCCESS','AUTO_W2W_453994','2025-10-06 19:22:08'),(95,90,6,NULL,'TRANSFER',580.15,'SUCCESS','AUTO_W2W_672051','2025-10-15 19:22:08'),(96,62,56,NULL,'TRANSFER',925.01,'SUCCESS','AUTO_W2W_954810','2025-10-01 19:22:08'),(97,8,44,NULL,'TRANSFER',963.04,'SUCCESS','AUTO_W2W_537262','2025-10-14 19:22:08'),(98,28,73,NULL,'TRANSFER',809.23,'SUCCESS','AUTO_W2W_843828','2025-10-08 19:22:08'),(99,20,77,NULL,'TRANSFER',296.53,'SUCCESS','AUTO_W2W_992360','2025-10-25 19:22:08'),(100,93,7,NULL,'TRANSFER',590.64,'SUCCESS','AUTO_W2W_682117','2025-10-15 19:22:08'),(101,70,89,NULL,'TRANSFER',381.77,'SUCCESS','AUTO_W2W_180019','2025-10-19 19:22:08'),(102,72,40,NULL,'TRANSFER',840.92,'SUCCESS','AUTO_W2W_974512','2025-10-20 19:22:08'),(103,89,37,NULL,'TRANSFER',184.53,'SUCCESS','AUTO_W2W_660963','2025-10-10 19:22:08'),(104,59,87,NULL,'TRANSFER',589.05,'SUCCESS','AUTO_W2W_313987','2025-10-16 19:22:08'),(105,72,14,NULL,'TRANSFER',554.73,'SUCCESS','AUTO_W2W_318289','2025-10-12 19:22:08'),(106,37,98,NULL,'TRANSFER',791.52,'SUCCESS','AUTO_W2W_977247','2025-10-15 19:22:08'),(107,74,9,NULL,'TRANSFER',243.76,'SUCCESS','AUTO_W2W_796001','2025-10-23 19:22:08'),(108,96,1,NULL,'TRANSFER',207.40,'SUCCESS','AUTO_W2W_830638','2025-10-14 19:22:08'),(109,38,19,NULL,'TRANSFER',825.04,'SUCCESS','AUTO_W2W_563424','2025-10-27 19:22:08'),(110,10,8,NULL,'TRANSFER',134.74,'SUCCESS','AUTO_W2W_306305','2025-10-04 19:22:08'),(111,71,89,NULL,'TRANSFER',364.42,'SUCCESS','AUTO_W2W_988614','2025-10-02 19:22:08'),(112,76,96,NULL,'TRANSFER',525.18,'SUCCESS','AUTO_W2W_674117','2025-10-10 19:22:08'),(113,54,59,NULL,'TRANSFER',383.62,'SUCCESS','AUTO_W2W_990149','2025-10-04 19:22:08'),(114,50,79,NULL,'TRANSFER',466.69,'SUCCESS','AUTO_W2W_860560','2025-10-03 19:22:08'),(115,2,34,NULL,'TRANSFER',645.00,'SUCCESS','AUTO_W2W_220454','2025-10-07 19:22:08'),(116,55,38,NULL,'TRANSFER',276.55,'SUCCESS','AUTO_W2W_153948','2025-10-13 19:22:08'),(117,75,96,NULL,'TRANSFER',574.32,'SUCCESS','AUTO_W2W_904119','2025-10-06 19:22:08'),(118,38,46,NULL,'TRANSFER',174.23,'SUCCESS','AUTO_W2W_366340','2025-10-28 19:22:08'),(119,55,49,NULL,'TRANSFER',779.36,'SUCCESS','AUTO_W2W_450899','2025-10-11 19:22:08'),(120,7,37,NULL,'TRANSFER',672.78,'SUCCESS','AUTO_W2W_256703','2025-10-03 19:22:08'),(121,100,28,NULL,'TRANSFER',410.84,'SUCCESS','AUTO_W2W_168674','2025-10-23 19:22:08'),(122,99,18,NULL,'TRANSFER',957.98,'SUCCESS','AUTO_W2W_315341','2025-10-21 19:22:08'),(123,93,65,NULL,'TRANSFER',492.08,'SUCCESS','AUTO_W2W_440558','2025-10-16 19:22:08'),(124,35,24,NULL,'TRANSFER',183.04,'SUCCESS','AUTO_W2W_996456','2025-10-14 19:22:08'),(125,82,39,NULL,'TRANSFER',504.28,'SUCCESS','AUTO_W2W_316944','2025-10-07 19:22:08'),(126,14,34,NULL,'TRANSFER',339.11,'SUCCESS','AUTO_W2W_554226','2025-10-12 19:22:08'),(127,54,87,NULL,'TRANSFER',702.38,'SUCCESS','AUTO_W2W_867249','2025-10-24 19:22:08'),(128,46,67,NULL,'TRANSFER',959.81,'SUCCESS','AUTO_W2W_816628','2025-10-27 19:22:08'),(129,16,44,NULL,'TRANSFER',738.86,'SUCCESS','AUTO_W2W_384947','2025-10-18 19:22:08'),(130,9,22,NULL,'TRANSFER',841.84,'SUCCESS','AUTO_W2W_557209','2025-10-29 19:22:08'),(131,68,25,NULL,'TRANSFER',264.37,'SUCCESS','AUTO_W2W_442407','2025-10-24 19:22:08'),(132,99,25,NULL,'TRANSFER',329.49,'SUCCESS','AUTO_W2W_749036','2025-10-09 19:22:08'),(133,46,10,NULL,'TRANSFER',149.94,'SUCCESS','AUTO_W2W_323704','2025-10-03 19:22:08'),(134,90,68,NULL,'TRANSFER',695.34,'SUCCESS','AUTO_W2W_447692','2025-10-04 19:22:08'),(135,31,87,NULL,'TRANSFER',435.88,'SUCCESS','AUTO_W2W_486900','2025-10-03 19:22:08'),(136,37,4,NULL,'TRANSFER',107.64,'SUCCESS','AUTO_W2W_289430','2025-10-04 19:22:08'),(137,73,100,NULL,'TRANSFER',803.38,'SUCCESS','AUTO_W2W_993381','2025-10-13 19:22:08'),(138,95,97,NULL,'TRANSFER',979.36,'SUCCESS','AUTO_W2W_106707','2025-10-27 19:22:08'),(139,49,15,NULL,'TRANSFER',279.37,'SUCCESS','AUTO_W2W_802416','2025-10-25 19:22:08'),(140,55,21,NULL,'TRANSFER',429.96,'SUCCESS','AUTO_W2W_435048','2025-10-11 19:22:08'),(141,20,97,NULL,'TRANSFER',308.58,'SUCCESS','AUTO_W2W_508971','2025-10-17 19:22:08'),(142,92,21,NULL,'TRANSFER',318.11,'SUCCESS','AUTO_W2W_816404','2025-10-26 19:22:08'),(143,28,100,NULL,'TRANSFER',176.61,'SUCCESS','AUTO_W2W_716080','2025-10-30 19:22:08'),(144,7,24,NULL,'TRANSFER',993.15,'SUCCESS','AUTO_W2W_333086','2025-10-21 19:22:08'),(145,81,8,NULL,'TRANSFER',980.75,'SUCCESS','AUTO_W2W_694309','2025-10-20 19:22:08'),(146,84,8,NULL,'TRANSFER',864.09,'SUCCESS','AUTO_W2W_166322','2025-10-07 19:22:08'),(147,77,45,NULL,'TRANSFER',916.28,'SUCCESS','AUTO_W2W_308309','2025-10-18 19:22:08'),(148,42,81,NULL,'TRANSFER',791.45,'SUCCESS','AUTO_W2W_540201','2025-10-27 19:22:08'),(149,6,96,NULL,'TRANSFER',631.74,'SUCCESS','AUTO_W2W_278442','2025-10-26 19:22:08'),(150,18,43,NULL,'TRANSFER',592.01,'SUCCESS','AUTO_W2W_633282','2025-10-23 19:22:08'),(151,48,64,NULL,'TRANSFER',756.15,'SUCCESS','AUTO_W2W_829680','2025-10-06 19:22:08'),(152,69,97,NULL,'TRANSFER',765.72,'SUCCESS','AUTO_W2W_890726','2025-10-27 19:22:08'),(153,3,75,NULL,'TRANSFER',643.80,'SUCCESS','AUTO_W2W_909809','2025-10-12 19:22:08'),(154,42,23,NULL,'TRANSFER',880.44,'SUCCESS','AUTO_W2W_721905','2025-10-06 19:22:08'),(155,9,96,NULL,'TRANSFER',513.56,'SUCCESS','AUTO_W2W_626781','2025-10-17 19:22:08'),(156,56,40,NULL,'TRANSFER',357.79,'SUCCESS','AUTO_W2W_479905','2025-10-26 19:22:08'),(157,43,72,NULL,'TRANSFER',343.75,'SUCCESS','AUTO_W2W_453151','2025-10-29 19:22:08'),(158,100,87,NULL,'TRANSFER',393.76,'SUCCESS','AUTO_W2W_282040','2025-10-03 19:22:08'),(159,3,34,NULL,'TRANSFER',618.46,'SUCCESS','AUTO_W2W_993880','2025-10-25 19:22:08'),(160,88,87,NULL,'TRANSFER',696.55,'SUCCESS','AUTO_W2W_838076','2025-10-29 19:22:08'),(161,84,99,NULL,'TRANSFER',477.06,'SUCCESS','AUTO_W2W_350406','2025-10-29 19:22:08'),(162,38,77,NULL,'TRANSFER',695.32,'SUCCESS','AUTO_W2W_197476','2025-10-15 19:22:08'),(163,20,46,NULL,'TRANSFER',717.57,'SUCCESS','AUTO_W2W_229153','2025-10-12 19:22:08'),(164,62,26,NULL,'TRANSFER',451.62,'SUCCESS','AUTO_W2W_415305','2025-10-16 19:22:08'),(165,37,39,NULL,'TRANSFER',814.10,'SUCCESS','AUTO_W2W_891864','2025-10-01 19:22:08'),(166,30,51,NULL,'TRANSFER',648.36,'SUCCESS','AUTO_W2W_681131','2025-10-20 19:22:08'),(167,76,78,NULL,'TRANSFER',604.85,'SUCCESS','AUTO_W2W_645438','2025-10-22 19:22:08'),(168,58,3,NULL,'TRANSFER',446.90,'SUCCESS','AUTO_W2W_107457','2025-10-07 19:22:08'),(169,92,22,NULL,'TRANSFER',352.71,'SUCCESS','AUTO_W2W_958803','2025-10-06 19:22:08'),(170,22,63,NULL,'TRANSFER',493.61,'SUCCESS','AUTO_W2W_523414','2025-10-02 19:22:08'),(171,35,88,NULL,'TRANSFER',368.56,'SUCCESS','AUTO_W2W_147744','2025-10-23 19:22:08'),(172,14,91,NULL,'TRANSFER',173.88,'SUCCESS','AUTO_W2W_934019','2025-10-23 19:22:08'),(173,44,43,NULL,'TRANSFER',859.90,'SUCCESS','AUTO_W2W_977459','2025-10-21 19:22:08'),(174,67,36,NULL,'TRANSFER',797.66,'SUCCESS','AUTO_W2W_885535','2025-10-30 19:22:08'),(175,40,98,NULL,'TRANSFER',698.90,'SUCCESS','AUTO_W2W_542157','2025-10-18 19:22:08'),(176,57,60,NULL,'TRANSFER',301.67,'SUCCESS','AUTO_W2W_597892','2025-10-01 19:22:08'),(177,20,8,NULL,'TRANSFER',776.08,'SUCCESS','AUTO_W2W_647443','2025-10-08 19:22:08'),(178,92,35,NULL,'TRANSFER',961.20,'SUCCESS','AUTO_W2W_791833','2025-10-02 19:22:08'),(179,53,73,NULL,'TRANSFER',87.01,'SUCCESS','AUTO_W2W_125272','2025-10-30 19:22:08'),(180,4,10,NULL,'TRANSFER',413.68,'SUCCESS','AUTO_W2W_661777','2025-10-01 19:22:08'),(181,100,4,NULL,'TRANSFER',233.41,'SUCCESS','AUTO_W2W_880670','2025-10-08 19:22:08'),(182,19,67,NULL,'TRANSFER',760.03,'SUCCESS','AUTO_W2W_776680','2025-10-15 19:22:08'),(183,34,10,NULL,'TRANSFER',528.83,'SUCCESS','AUTO_W2W_301303','2025-10-12 19:22:08'),(184,37,99,NULL,'TRANSFER',839.83,'SUCCESS','AUTO_W2W_288776','2025-10-14 19:22:08'),(185,15,6,NULL,'TRANSFER',846.58,'SUCCESS','AUTO_W2W_128032','2025-10-11 19:22:08'),(186,11,62,NULL,'TRANSFER',776.78,'SUCCESS','AUTO_W2W_975114','2025-10-14 19:22:08'),(187,92,89,NULL,'TRANSFER',675.12,'SUCCESS','AUTO_W2W_681403','2025-10-23 19:22:08'),(188,35,95,NULL,'TRANSFER',695.58,'SUCCESS','AUTO_W2W_617398','2025-10-05 19:22:08'),(189,46,77,NULL,'TRANSFER',481.16,'SUCCESS','AUTO_W2W_981609','2025-10-14 19:22:08'),(190,75,11,NULL,'TRANSFER',330.51,'SUCCESS','AUTO_W2W_246086','2025-10-03 19:22:08'),(191,15,94,NULL,'TRANSFER',274.78,'SUCCESS','AUTO_W2W_446981','2025-10-24 19:22:08'),(192,94,1,NULL,'TRANSFER',287.54,'SUCCESS','AUTO_W2W_299324','2025-10-20 19:22:08'),(193,13,54,NULL,'TRANSFER',353.24,'SUCCESS','AUTO_W2W_986882','2025-10-01 19:22:08'),(194,90,55,NULL,'TRANSFER',112.19,'SUCCESS','AUTO_W2W_715368','2025-10-24 19:22:08'),(195,7,64,NULL,'TRANSFER',993.94,'SUCCESS','AUTO_W2W_156896','2025-10-20 19:22:08'),(196,49,43,NULL,'TRANSFER',691.90,'SUCCESS','AUTO_W2W_187472','2025-10-17 19:22:08'),(197,1,64,NULL,'TRANSFER',223.04,'SUCCESS','AUTO_W2W_996460','2025-10-17 19:22:08'),(198,19,61,NULL,'TRANSFER',505.07,'SUCCESS','AUTO_W2W_623293','2025-10-16 19:22:08'),(199,61,63,NULL,'TRANSFER',323.59,'SUCCESS','AUTO_W2W_618116','2025-10-30 19:22:08'),(200,35,69,NULL,'TRANSFER',410.10,'SUCCESS','AUTO_W2W_861705','2025-10-28 19:22:08'),(201,94,39,NULL,'TRANSFER',166.38,'SUCCESS','AUTO_W2W_512594','2025-10-03 19:22:08'),(202,25,47,NULL,'TRANSFER',607.62,'SUCCESS','AUTO_W2W_582545','2025-10-03 19:22:08'),(203,100,20,NULL,'TRANSFER',54.61,'SUCCESS','AUTO_W2W_493680','2025-10-25 19:22:08'),(204,56,24,NULL,'TRANSFER',547.02,'SUCCESS','AUTO_W2W_919934','2025-10-01 19:22:08'),(205,20,2,NULL,'TRANSFER',533.63,'SUCCESS','AUTO_W2W_539771','2025-10-03 19:22:08'),(206,12,83,NULL,'TRANSFER',775.35,'SUCCESS','AUTO_W2W_419285','2025-10-16 19:22:08'),(207,36,31,NULL,'TRANSFER',518.29,'SUCCESS','AUTO_W2W_581992','2025-10-25 19:22:08'),(208,39,35,NULL,'TRANSFER',573.27,'SUCCESS','AUTO_W2W_752774','2025-10-01 19:22:08'),(209,70,56,NULL,'TRANSFER',684.07,'SUCCESS','AUTO_W2W_718018','2025-10-18 19:22:08'),(210,10,19,NULL,'TRANSFER',651.54,'SUCCESS','AUTO_W2W_652844','2025-10-25 19:22:08'),(211,2,57,NULL,'TRANSFER',787.32,'SUCCESS','AUTO_W2W_267481','2025-10-12 19:22:08'),(212,46,46,NULL,'TRANSFER',920.09,'SUCCESS','AUTO_W2W_294450','2025-10-21 19:22:08'),(213,2,8,NULL,'TRANSFER',371.56,'SUCCESS','AUTO_W2W_516277','2025-10-22 19:22:08'),(214,10,61,NULL,'TRANSFER',721.03,'SUCCESS','AUTO_W2W_757753','2025-10-14 19:22:08'),(215,49,82,NULL,'TRANSFER',624.41,'SUCCESS','AUTO_W2W_631489','2025-10-26 19:22:08'),(216,93,20,NULL,'TRANSFER',248.35,'SUCCESS','AUTO_W2W_512661','2025-10-11 19:22:08'),(217,96,78,NULL,'TRANSFER',76.93,'SUCCESS','AUTO_W2W_824302','2025-10-02 19:22:08'),(218,28,59,NULL,'TRANSFER',122.71,'SUCCESS','AUTO_W2W_669535','2025-10-02 19:22:08'),(219,78,7,NULL,'TRANSFER',58.05,'SUCCESS','AUTO_W2W_859845','2025-10-25 19:22:08'),(220,45,65,NULL,'TRANSFER',898.93,'SUCCESS','AUTO_W2W_574647','2025-10-02 19:22:08'),(221,20,13,NULL,'TRANSFER',70.15,'SUCCESS','AUTO_W2W_762738','2025-10-12 19:22:08'),(222,89,56,NULL,'TRANSFER',176.98,'SUCCESS','AUTO_W2W_100208','2025-10-12 19:22:08'),(223,1,21,NULL,'TRANSFER',50.44,'SUCCESS','AUTO_W2W_461636','2025-10-30 19:22:08'),(224,84,15,NULL,'TRANSFER',249.79,'SUCCESS','AUTO_W2W_663377','2025-10-16 19:22:08'),(225,62,59,NULL,'TRANSFER',132.52,'SUCCESS','AUTO_W2W_704627','2025-10-28 19:22:08'),(281,48,NULL,1,'PAYMENT',121.56,'SUCCESS','AUTO_PAY_824389','2025-10-01 19:22:08'),(282,50,NULL,6,'PAYMENT',246.54,'SUCCESS','AUTO_PAY_950368','2025-10-18 19:22:08'),(283,33,NULL,4,'PAYMENT',1004.26,'SUCCESS','AUTO_PAY_166590','2025-10-14 19:22:08'),(284,59,NULL,3,'PAYMENT',777.86,'SUCCESS','AUTO_PAY_581599','2025-10-21 19:22:08'),(285,100,NULL,1,'PAYMENT',201.64,'SUCCESS','AUTO_PAY_378253','2025-10-20 19:22:08'),(286,79,NULL,9,'PAYMENT',307.19,'SUCCESS','AUTO_PAY_994806','2025-10-14 19:22:08'),(287,81,NULL,4,'PAYMENT',509.81,'SUCCESS','AUTO_PAY_424089','2025-10-01 19:22:08'),(288,83,NULL,2,'PAYMENT',724.55,'SUCCESS','AUTO_PAY_593824','2025-10-16 19:22:08'),(289,83,NULL,7,'PAYMENT',1226.70,'SUCCESS','AUTO_PAY_836757','2025-10-05 19:22:08'),(290,75,NULL,2,'PAYMENT',1214.15,'SUCCESS','AUTO_PAY_218259','2025-10-18 19:22:08'),(291,75,NULL,5,'PAYMENT',181.17,'SUCCESS','AUTO_PAY_900432','2025-10-22 19:22:08'),(292,76,NULL,10,'PAYMENT',593.45,'SUCCESS','AUTO_PAY_900597','2025-10-17 19:22:08'),(293,64,NULL,8,'PAYMENT',208.54,'SUCCESS','AUTO_PAY_976710','2025-10-11 19:22:08'),(294,35,NULL,8,'PAYMENT',1290.46,'SUCCESS','AUTO_PAY_703432','2025-10-01 19:22:08'),(295,85,NULL,4,'PAYMENT',157.82,'SUCCESS','AUTO_PAY_322213','2025-10-27 19:22:08'),(296,86,NULL,10,'PAYMENT',1597.62,'SUCCESS','AUTO_PAY_330704','2025-10-22 19:22:08'),(297,67,NULL,5,'PAYMENT',541.34,'SUCCESS','AUTO_PAY_190702','2025-10-12 19:22:08'),(298,81,NULL,2,'PAYMENT',648.18,'SUCCESS','AUTO_PAY_425025','2025-10-09 19:22:08'),(299,47,NULL,2,'PAYMENT',926.82,'SUCCESS','AUTO_PAY_272361','2025-10-21 19:22:08'),(300,95,NULL,9,'PAYMENT',449.36,'SUCCESS','AUTO_PAY_751282','2025-10-03 19:22:08'),(301,43,NULL,4,'PAYMENT',989.63,'SUCCESS','AUTO_PAY_857491','2025-10-18 19:22:08'),(302,63,NULL,9,'PAYMENT',411.55,'SUCCESS','AUTO_PAY_637859','2025-10-20 19:22:08'),(303,4,NULL,1,'PAYMENT',450.00,'SUCCESS','AUTO_PAY_971837','2025-10-26 19:22:08'),(304,82,NULL,7,'PAYMENT',1151.06,'SUCCESS','AUTO_PAY_660129','2025-10-30 19:22:08'),(305,19,NULL,9,'PAYMENT',1368.18,'SUCCESS','AUTO_PAY_634121','2025-10-18 19:22:08'),(306,38,NULL,6,'PAYMENT',1261.07,'SUCCESS','AUTO_PAY_218562','2025-10-20 19:22:08'),(307,29,NULL,5,'PAYMENT',514.59,'SUCCESS','AUTO_PAY_188816','2025-10-11 19:22:08'),(308,3,NULL,2,'PAYMENT',984.18,'SUCCESS','AUTO_PAY_593521','2025-10-01 19:22:08'),(309,23,NULL,2,'PAYMENT',524.58,'SUCCESS','AUTO_PAY_861237','2025-10-19 19:22:08'),(310,37,NULL,7,'PAYMENT',504.02,'SUCCESS','AUTO_PAY_399845','2025-10-05 19:22:08'),(311,29,NULL,9,'PAYMENT',849.99,'SUCCESS','AUTO_PAY_891149','2025-10-04 19:22:08'),(312,84,NULL,6,'PAYMENT',154.40,'SUCCESS','AUTO_PAY_683855','2025-10-26 19:22:08'),(313,73,NULL,3,'PAYMENT',1591.09,'SUCCESS','AUTO_PAY_337076','2025-10-20 19:22:08'),(314,89,NULL,5,'PAYMENT',745.39,'SUCCESS','AUTO_PAY_911314','2025-10-24 19:22:08'),(315,38,NULL,3,'PAYMENT',210.43,'SUCCESS','AUTO_PAY_678764','2025-10-01 19:22:08'),(316,5,NULL,3,'PAYMENT',152.52,'SUCCESS','AUTO_PAY_528513','2025-10-22 19:22:08'),(317,95,NULL,10,'PAYMENT',1235.06,'SUCCESS','AUTO_PAY_118263','2025-10-06 19:22:08'),(318,10,NULL,10,'PAYMENT',1056.41,'SUCCESS','AUTO_PAY_309732','2025-10-23 19:22:08'),(319,57,NULL,1,'PAYMENT',989.50,'SUCCESS','AUTO_PAY_816802','2025-10-24 19:22:08'),(320,63,NULL,6,'PAYMENT',1211.19,'SUCCESS','AUTO_PAY_218148','2025-10-17 19:22:08'),(321,78,NULL,6,'PAYMENT',949.98,'SUCCESS','AUTO_PAY_186479','2025-10-07 19:22:08'),(322,62,NULL,8,'PAYMENT',1305.39,'SUCCESS','AUTO_PAY_847335','2025-10-08 19:22:08'),(323,22,NULL,9,'PAYMENT',998.53,'SUCCESS','AUTO_PAY_504895','2025-10-17 19:22:08'),(324,92,NULL,3,'PAYMENT',522.73,'SUCCESS','AUTO_PAY_818319','2025-10-26 19:22:08'),(325,34,NULL,3,'PAYMENT',277.93,'SUCCESS','AUTO_PAY_932411','2025-10-22 19:22:08'),(326,57,NULL,1,'PAYMENT',818.52,'SUCCESS','AUTO_PAY_355770','2025-10-01 19:22:08'),(327,7,NULL,4,'PAYMENT',1173.69,'SUCCESS','AUTO_PAY_485962','2025-10-01 19:22:08'),(328,70,NULL,5,'PAYMENT',695.89,'SUCCESS','AUTO_PAY_542825','2025-10-22 19:22:08'),(329,87,NULL,6,'PAYMENT',130.63,'SUCCESS','AUTO_PAY_578385','2025-10-13 19:22:08'),(330,39,NULL,2,'PAYMENT',971.50,'SUCCESS','AUTO_PAY_512818','2025-10-14 19:22:08'),(331,38,NULL,3,'PAYMENT',125.93,'SUCCESS','AUTO_PAY_459217','2025-10-02 19:22:08'),(332,53,NULL,8,'PAYMENT',575.68,'SUCCESS','AUTO_PAY_330894','2025-10-21 19:22:08'),(333,89,NULL,5,'PAYMENT',924.36,'SUCCESS','AUTO_PAY_478890','2025-10-17 19:22:08'),(334,2,NULL,8,'PAYMENT',935.56,'SUCCESS','AUTO_PAY_656387','2025-10-18 19:22:08'),(335,25,NULL,10,'PAYMENT',235.37,'SUCCESS','AUTO_PAY_600544','2025-10-15 19:22:08'),(336,89,NULL,9,'PAYMENT',1225.06,'SUCCESS','AUTO_PAY_201521','2025-10-21 19:22:08'),(337,24,NULL,3,'PAYMENT',663.09,'SUCCESS','AUTO_PAY_312192','2025-10-29 19:22:08'),(338,56,NULL,7,'PAYMENT',764.57,'SUCCESS','AUTO_PAY_413659','2025-10-18 19:22:08'),(339,3,NULL,9,'PAYMENT',508.88,'SUCCESS','AUTO_PAY_784545','2025-10-01 19:22:08'),(340,65,NULL,3,'PAYMENT',702.12,'SUCCESS','AUTO_PAY_285399','2025-10-06 19:22:08'),(341,52,NULL,1,'PAYMENT',1375.62,'SUCCESS','AUTO_PAY_120202','2025-10-14 19:22:08'),(342,74,NULL,1,'PAYMENT',1320.08,'SUCCESS','AUTO_PAY_146017','2025-10-06 19:22:08'),(343,93,NULL,2,'PAYMENT',245.24,'SUCCESS','AUTO_PAY_966479','2025-10-15 19:22:08'),(344,73,NULL,1,'PAYMENT',355.32,'SUCCESS','AUTO_PAY_674439','2025-10-10 19:22:08'),(345,49,NULL,5,'PAYMENT',908.61,'SUCCESS','AUTO_PAY_543186','2025-10-05 19:22:08'),(346,75,NULL,3,'PAYMENT',1252.27,'SUCCESS','AUTO_PAY_311252','2025-10-04 19:22:08'),(347,65,NULL,6,'PAYMENT',206.62,'SUCCESS','AUTO_PAY_602671','2025-10-13 19:22:08'),(348,23,NULL,4,'PAYMENT',366.98,'SUCCESS','AUTO_PAY_806333','2025-10-19 19:22:08'),(349,60,NULL,9,'PAYMENT',493.46,'SUCCESS','AUTO_PAY_893085','2025-10-12 19:22:08'),(350,46,NULL,5,'PAYMENT',1082.57,'SUCCESS','AUTO_PAY_161921','2025-10-19 19:22:08'),(351,69,NULL,4,'PAYMENT',777.57,'SUCCESS','AUTO_PAY_414322','2025-10-19 19:22:08'),(352,91,NULL,4,'PAYMENT',254.82,'SUCCESS','AUTO_PAY_478243','2025-10-07 19:22:08'),(353,70,NULL,2,'PAYMENT',812.01,'SUCCESS','AUTO_PAY_129359','2025-10-08 19:22:08'),(354,60,NULL,8,'PAYMENT',190.91,'SUCCESS','AUTO_PAY_991897','2025-10-07 19:22:08'),(355,90,NULL,2,'PAYMENT',168.63,'SUCCESS','AUTO_PAY_814720','2025-10-05 19:22:08'),(356,79,NULL,5,'PAYMENT',1241.12,'SUCCESS','AUTO_PAY_581467','2025-10-19 19:22:08'),(357,36,NULL,7,'PAYMENT',1580.12,'SUCCESS','AUTO_PAY_187604','2025-10-15 19:22:08'),(358,35,NULL,2,'PAYMENT',983.06,'SUCCESS','AUTO_PAY_620068','2025-10-27 19:22:08'),(359,89,NULL,1,'PAYMENT',941.76,'SUCCESS','AUTO_PAY_713066','2025-10-09 19:22:08'),(360,57,NULL,7,'PAYMENT',1106.56,'SUCCESS','AUTO_PAY_396320','2025-10-12 19:22:08'),(361,18,NULL,10,'PAYMENT',723.23,'SUCCESS','AUTO_PAY_197260','2025-10-22 19:22:08'),(362,15,NULL,9,'PAYMENT',1277.50,'SUCCESS','AUTO_PAY_453480','2025-10-12 19:22:08'),(363,87,NULL,6,'PAYMENT',1468.31,'SUCCESS','AUTO_PAY_150023','2025-10-14 19:22:08'),(364,54,NULL,1,'PAYMENT',1229.85,'SUCCESS','AUTO_PAY_588567','2025-10-17 19:22:08'),(365,65,NULL,9,'PAYMENT',632.13,'SUCCESS','AUTO_PAY_281167','2025-10-02 19:22:08'),(366,11,NULL,8,'PAYMENT',438.83,'SUCCESS','AUTO_PAY_100774','2025-10-21 19:22:08'),(367,64,NULL,2,'PAYMENT',1562.43,'SUCCESS','AUTO_PAY_419142','2025-10-05 19:22:08'),(368,18,NULL,4,'PAYMENT',355.41,'SUCCESS','AUTO_PAY_847658','2025-10-11 19:22:08'),(369,73,NULL,7,'PAYMENT',461.17,'SUCCESS','AUTO_PAY_243908','2025-10-28 19:22:08'),(370,91,NULL,3,'PAYMENT',1263.38,'SUCCESS','AUTO_PAY_983555','2025-10-13 19:22:08'),(371,97,NULL,1,'PAYMENT',825.87,'SUCCESS','AUTO_PAY_274309','2025-10-15 19:22:08'),(372,1,NULL,5,'PAYMENT',549.44,'SUCCESS','AUTO_PAY_202871','2025-10-10 19:22:08'),(373,3,NULL,1,'PAYMENT',634.26,'SUCCESS','AUTO_PAY_577617','2025-10-13 19:22:08'),(374,34,NULL,10,'PAYMENT',913.40,'SUCCESS','AUTO_PAY_988634','2025-10-21 19:22:08'),(375,59,NULL,1,'PAYMENT',534.52,'SUCCESS','AUTO_PAY_474228','2025-10-24 19:22:08'),(376,81,NULL,4,'PAYMENT',860.86,'SUCCESS','AUTO_PAY_448439','2025-10-18 19:22:08'),(377,91,NULL,4,'PAYMENT',1275.63,'SUCCESS','AUTO_PAY_111324','2025-10-09 19:22:08'),(378,53,NULL,5,'PAYMENT',1265.17,'SUCCESS','AUTO_PAY_532801','2025-10-28 19:22:08'),(379,93,NULL,5,'PAYMENT',552.28,'SUCCESS','AUTO_PAY_330863','2025-10-19 19:22:08'),(380,13,NULL,5,'PAYMENT',1572.78,'SUCCESS','AUTO_PAY_552841','2025-10-13 19:22:08'),(381,35,NULL,10,'PAYMENT',1544.84,'SUCCESS','AUTO_PAY_840890','2025-10-24 19:22:08'),(382,67,NULL,7,'PAYMENT',359.68,'SUCCESS','AUTO_PAY_972779','2025-10-21 19:22:08'),(383,74,NULL,8,'PAYMENT',535.09,'SUCCESS','AUTO_PAY_413443','2025-10-04 19:22:08'),(384,32,NULL,10,'PAYMENT',1262.15,'SUCCESS','AUTO_PAY_144233','2025-10-03 19:22:08'),(385,46,NULL,6,'PAYMENT',540.17,'SUCCESS','AUTO_PAY_877220','2025-10-17 19:22:08'),(386,60,NULL,7,'PAYMENT',955.69,'SUCCESS','AUTO_PAY_851917','2025-10-17 19:22:08'),(387,83,NULL,8,'PAYMENT',284.79,'SUCCESS','AUTO_PAY_514134','2025-10-03 19:22:08'),(388,28,NULL,6,'PAYMENT',235.71,'SUCCESS','AUTO_PAY_732202','2025-10-23 19:22:08'),(389,10,NULL,8,'PAYMENT',872.96,'SUCCESS','AUTO_PAY_363964','2025-10-03 19:22:08'),(390,73,NULL,9,'PAYMENT',241.32,'SUCCESS','AUTO_PAY_922097','2025-10-22 19:22:08'),(391,69,NULL,6,'PAYMENT',1219.56,'SUCCESS','AUTO_PAY_150010','2025-10-29 19:22:08'),(392,3,NULL,1,'PAYMENT',114.92,'SUCCESS','AUTO_PAY_995887','2025-10-02 19:22:08'),(393,76,NULL,10,'PAYMENT',546.08,'SUCCESS','AUTO_PAY_782120','2025-10-04 19:22:08'),(394,22,NULL,4,'PAYMENT',445.54,'SUCCESS','AUTO_PAY_126764','2025-10-17 19:22:08'),(395,20,NULL,7,'PAYMENT',866.91,'SUCCESS','AUTO_PAY_722431','2025-10-03 19:22:08'),(396,55,NULL,10,'PAYMENT',322.12,'SUCCESS','AUTO_PAY_882013','2025-10-03 19:22:08'),(397,90,NULL,8,'PAYMENT',368.46,'SUCCESS','AUTO_PAY_619326','2025-10-20 19:22:08'),(398,2,NULL,1,'PAYMENT',1597.77,'SUCCESS','AUTO_PAY_977768','2025-10-04 19:22:08'),(399,48,NULL,8,'PAYMENT',580.22,'SUCCESS','AUTO_PAY_412068','2025-10-07 19:22:08'),(400,83,NULL,9,'PAYMENT',964.53,'SUCCESS','AUTO_PAY_503970','2025-10-15 19:22:08'),(401,23,NULL,7,'PAYMENT',583.45,'SUCCESS','AUTO_PAY_824400','2025-10-29 19:22:08'),(402,88,NULL,2,'PAYMENT',615.08,'SUCCESS','AUTO_PAY_225517','2025-10-10 19:22:08'),(403,92,NULL,6,'PAYMENT',363.15,'SUCCESS','AUTO_PAY_208524','2025-10-28 19:22:08'),(404,3,NULL,9,'PAYMENT',580.24,'SUCCESS','AUTO_PAY_973261','2025-10-04 19:22:08'),(405,55,NULL,1,'PAYMENT',1005.56,'SUCCESS','AUTO_PAY_889375','2025-10-13 19:22:08'),(406,25,NULL,5,'PAYMENT',1105.76,'SUCCESS','AUTO_PAY_926048','2025-10-13 19:22:08'),(407,14,NULL,10,'PAYMENT',547.74,'SUCCESS','AUTO_PAY_703853','2025-10-17 19:22:08'),(408,29,NULL,1,'PAYMENT',620.37,'SUCCESS','AUTO_PAY_654596','2025-10-29 19:22:08'),(409,36,NULL,7,'PAYMENT',344.45,'SUCCESS','AUTO_PAY_893315','2025-10-03 19:22:08'),(410,95,NULL,10,'PAYMENT',209.09,'SUCCESS','AUTO_PAY_472750','2025-10-05 19:22:08'),(411,3,NULL,6,'PAYMENT',1101.98,'SUCCESS','AUTO_PAY_731506','2025-10-15 19:22:08'),(412,42,NULL,6,'PAYMENT',1012.38,'SUCCESS','AUTO_PAY_393129','2025-10-06 19:22:08'),(413,5,NULL,8,'PAYMENT',1386.70,'SUCCESS','AUTO_PAY_909602','2025-10-03 19:22:08'),(414,93,NULL,9,'PAYMENT',769.83,'SUCCESS','AUTO_PAY_732627','2025-10-25 19:22:08'),(415,77,NULL,4,'PAYMENT',438.55,'SUCCESS','AUTO_PAY_293018','2025-10-19 19:22:08'),(416,34,NULL,5,'PAYMENT',688.13,'SUCCESS','AUTO_PAY_573601','2025-10-17 19:22:08'),(417,70,NULL,2,'PAYMENT',821.84,'SUCCESS','AUTO_PAY_158704','2025-10-04 19:22:08'),(418,22,NULL,5,'PAYMENT',893.46,'SUCCESS','AUTO_PAY_403802','2025-10-27 19:22:08'),(419,50,NULL,2,'PAYMENT',554.41,'SUCCESS','AUTO_PAY_143213','2025-10-21 19:22:08'),(420,52,NULL,6,'PAYMENT',549.12,'SUCCESS','AUTO_PAY_815937','2025-10-28 19:22:08'),(421,1,NULL,9,'PAYMENT',131.39,'SUCCESS','AUTO_PAY_707483','2025-10-21 19:22:08'),(422,54,NULL,8,'PAYMENT',256.66,'SUCCESS','AUTO_PAY_365654','2025-10-26 19:22:08'),(423,93,NULL,2,'PAYMENT',1541.11,'SUCCESS','AUTO_PAY_422416','2025-10-03 19:22:08'),(424,48,NULL,7,'PAYMENT',1164.90,'SUCCESS','AUTO_PAY_709585','2025-10-23 19:22:08'),(425,26,NULL,5,'PAYMENT',1137.79,'SUCCESS','AUTO_PAY_991547','2025-10-04 19:22:08'),(426,42,NULL,5,'PAYMENT',1568.16,'SUCCESS','AUTO_PAY_602850','2025-10-05 19:22:08'),(427,62,NULL,5,'PAYMENT',951.05,'SUCCESS','AUTO_PAY_458084','2025-10-22 19:22:08'),(428,25,NULL,4,'PAYMENT',143.42,'SUCCESS','AUTO_PAY_181572','2025-10-20 19:22:08'),(429,56,NULL,8,'PAYMENT',1331.85,'SUCCESS','AUTO_PAY_105133','2025-10-14 19:22:08'),(430,81,NULL,4,'PAYMENT',523.22,'SUCCESS','AUTO_PAY_449931','2025-10-28 19:22:08'),(431,33,NULL,4,'PAYMENT',1017.73,'SUCCESS','AUTO_PAY_201748','2025-10-09 19:22:08'),(432,31,NULL,4,'PAYMENT',1406.23,'SUCCESS','AUTO_PAY_346383','2025-10-08 19:22:08'),(433,97,NULL,6,'PAYMENT',1276.62,'SUCCESS','AUTO_PAY_390377','2025-10-23 19:22:08'),(434,34,NULL,9,'PAYMENT',703.76,'SUCCESS','AUTO_PAY_436222','2025-10-11 19:22:08'),(435,19,NULL,10,'PAYMENT',221.07,'SUCCESS','AUTO_PAY_666070','2025-10-03 19:22:08'),(436,63,NULL,5,'PAYMENT',466.53,'SUCCESS','AUTO_PAY_952564','2025-10-30 19:22:08'),(437,18,NULL,9,'PAYMENT',1304.95,'SUCCESS','AUTO_PAY_477240','2025-10-10 19:22:08'),(438,18,NULL,9,'PAYMENT',840.65,'SUCCESS','AUTO_PAY_156837','2025-10-05 19:22:08'),(439,99,NULL,5,'PAYMENT',258.47,'SUCCESS','AUTO_PAY_366165','2025-10-26 19:22:08'),(440,93,NULL,2,'PAYMENT',1371.17,'SUCCESS','AUTO_PAY_883000','2025-10-06 19:22:08'),(441,43,NULL,8,'PAYMENT',562.75,'SUCCESS','AUTO_PAY_447733','2025-10-30 19:22:08'),(442,88,NULL,4,'PAYMENT',255.76,'SUCCESS','AUTO_PAY_537434','2025-10-27 19:22:08'),(443,14,NULL,4,'PAYMENT',394.15,'SUCCESS','AUTO_PAY_117390','2025-10-15 19:22:08'),(444,49,NULL,9,'PAYMENT',121.64,'SUCCESS','AUTO_PAY_453698','2025-10-03 19:22:08'),(445,43,NULL,4,'PAYMENT',1037.49,'SUCCESS','AUTO_PAY_979054','2025-10-30 19:22:08'),(446,12,NULL,6,'PAYMENT',638.01,'SUCCESS','AUTO_PAY_257097','2025-10-07 19:22:08'),(447,47,NULL,10,'PAYMENT',355.20,'SUCCESS','AUTO_PAY_208434','2025-10-28 19:22:08'),(448,10,NULL,3,'PAYMENT',1284.25,'SUCCESS','AUTO_PAY_366649','2025-10-27 19:22:08'),(449,68,NULL,1,'PAYMENT',354.59,'SUCCESS','AUTO_PAY_757661','2025-10-26 19:22:08'),(450,54,NULL,3,'PAYMENT',847.87,'SUCCESS','AUTO_PAY_855329','2025-10-09 19:22:08'),(451,99,NULL,9,'PAYMENT',340.57,'SUCCESS','AUTO_PAY_399519','2025-10-25 19:22:08'),(452,92,NULL,1,'PAYMENT',709.63,'SUCCESS','AUTO_PAY_945718','2025-10-16 19:22:08'),(453,58,NULL,5,'PAYMENT',852.05,'SUCCESS','AUTO_PAY_251047','2025-10-20 19:22:08'),(454,18,NULL,9,'PAYMENT',1230.46,'SUCCESS','AUTO_PAY_286104','2025-10-07 19:22:08'),(455,25,NULL,10,'PAYMENT',1280.09,'SUCCESS','AUTO_PAY_299145','2025-10-08 19:22:08'),(456,7,NULL,1,'PAYMENT',526.45,'SUCCESS','AUTO_PAY_217049','2025-10-07 19:22:08'),(457,60,NULL,6,'PAYMENT',351.10,'SUCCESS','AUTO_PAY_156197','2025-10-06 19:22:08'),(458,87,NULL,9,'PAYMENT',1344.89,'SUCCESS','AUTO_PAY_548874','2025-10-30 19:22:08'),(459,53,NULL,7,'PAYMENT',790.32,'SUCCESS','AUTO_PAY_534175','2025-10-30 19:22:08'),(460,71,NULL,5,'PAYMENT',320.61,'SUCCESS','AUTO_PAY_432311','2025-10-18 19:22:08'),(461,92,NULL,4,'PAYMENT',251.70,'SUCCESS','AUTO_PAY_454842','2025-10-10 19:22:08'),(462,16,NULL,8,'PAYMENT',749.83,'SUCCESS','AUTO_PAY_841323','2025-10-06 19:22:08'),(463,63,NULL,7,'PAYMENT',734.09,'SUCCESS','AUTO_PAY_224822','2025-10-18 19:22:08'),(464,72,NULL,3,'PAYMENT',472.10,'SUCCESS','AUTO_PAY_471620','2025-10-21 19:22:08'),(465,37,NULL,9,'PAYMENT',371.44,'SUCCESS','AUTO_PAY_408526','2025-10-25 19:22:08'),(466,83,NULL,7,'PAYMENT',1052.03,'SUCCESS','AUTO_PAY_373030','2025-10-12 19:22:08'),(467,16,NULL,10,'PAYMENT',386.69,'SUCCESS','AUTO_PAY_247769','2025-10-23 19:22:08'),(468,75,NULL,10,'PAYMENT',1123.00,'SUCCESS','AUTO_PAY_513415','2025-10-23 19:22:08'),(469,88,NULL,7,'PAYMENT',857.30,'SUCCESS','AUTO_PAY_680568','2025-10-09 19:22:08'),(470,62,NULL,10,'PAYMENT',1524.68,'SUCCESS','AUTO_PAY_878855','2025-10-16 19:22:08'),(471,80,NULL,6,'PAYMENT',484.81,'SUCCESS','AUTO_PAY_733118','2025-10-08 19:22:08'),(472,63,NULL,9,'PAYMENT',1003.50,'SUCCESS','AUTO_PAY_387760','2025-10-07 19:22:08'),(473,100,NULL,7,'PAYMENT',258.36,'SUCCESS','AUTO_PAY_699494','2025-10-30 19:22:08'),(474,8,NULL,4,'PAYMENT',623.75,'SUCCESS','AUTO_PAY_828101','2025-10-01 19:22:08'),(475,57,NULL,9,'PAYMENT',653.49,'SUCCESS','AUTO_PAY_473157','2025-10-02 19:22:08'),(476,59,NULL,1,'PAYMENT',724.41,'SUCCESS','AUTO_PAY_977930','2025-10-12 19:22:08'),(477,22,NULL,2,'PAYMENT',600.35,'SUCCESS','AUTO_PAY_170238','2025-10-19 19:22:08'),(478,72,NULL,4,'PAYMENT',1380.34,'SUCCESS','AUTO_PAY_164276','2025-10-07 19:22:08'),(479,77,NULL,5,'PAYMENT',1518.35,'SUCCESS','AUTO_PAY_440583','2025-10-29 19:22:08'),(480,15,NULL,6,'PAYMENT',536.17,'SUCCESS','AUTO_PAY_841562','2025-10-23 19:22:08'),(536,NULL,77,NULL,'TOPUP',453.82,'SUCCESS','AUTO_TOP_214169','2025-10-19 19:22:08'),(537,NULL,53,NULL,'TOPUP',1601.43,'SUCCESS','AUTO_TOP_793559','2025-10-17 19:22:08'),(538,NULL,95,NULL,'TOPUP',1332.56,'SUCCESS','AUTO_TOP_143266','2025-10-27 19:22:08'),(539,NULL,40,NULL,'TOPUP',2152.10,'SUCCESS','AUTO_TOP_162114','2025-10-19 19:22:08'),(540,NULL,76,NULL,'TOPUP',2031.35,'SUCCESS','AUTO_TOP_800749','2025-10-29 19:22:08'),(541,NULL,98,NULL,'TOPUP',2234.75,'SUCCESS','AUTO_TOP_525909','2025-10-21 19:22:08'),(542,NULL,24,NULL,'TOPUP',778.17,'SUCCESS','AUTO_TOP_326291','2025-10-10 19:22:08'),(543,NULL,65,NULL,'TOPUP',699.35,'SUCCESS','AUTO_TOP_919166','2025-10-29 19:22:08'),(544,NULL,53,NULL,'TOPUP',1645.50,'SUCCESS','AUTO_TOP_844510','2025-10-10 19:22:08'),(545,NULL,98,NULL,'TOPUP',2558.76,'SUCCESS','AUTO_TOP_114675','2025-10-09 19:22:08'),(546,NULL,57,NULL,'TOPUP',2169.25,'SUCCESS','AUTO_TOP_628511','2025-10-01 19:22:08'),(547,NULL,8,NULL,'TOPUP',1591.78,'SUCCESS','AUTO_TOP_190719','2025-10-27 19:22:08'),(548,NULL,26,NULL,'TOPUP',3070.53,'SUCCESS','AUTO_TOP_107310','2025-10-25 19:22:08'),(549,NULL,83,NULL,'TOPUP',2059.57,'SUCCESS','AUTO_TOP_659101','2025-10-23 19:22:08'),(550,NULL,37,NULL,'TOPUP',517.52,'SUCCESS','AUTO_TOP_479702','2025-10-07 19:22:08'),(551,NULL,70,NULL,'TOPUP',483.22,'SUCCESS','AUTO_TOP_450901','2025-10-11 19:22:08'),(552,NULL,17,NULL,'TOPUP',2626.13,'SUCCESS','AUTO_TOP_603194','2025-10-19 19:22:08'),(553,NULL,17,NULL,'TOPUP',2420.59,'SUCCESS','AUTO_TOP_272752','2025-10-08 19:22:08'),(554,NULL,12,NULL,'TOPUP',1346.08,'SUCCESS','AUTO_TOP_595400','2025-10-12 19:22:08'),(555,NULL,38,NULL,'TOPUP',436.02,'SUCCESS','AUTO_TOP_329577','2025-10-29 19:22:08'),(556,NULL,44,NULL,'TOPUP',322.33,'SUCCESS','AUTO_TOP_917631','2025-10-18 19:22:08'),(557,NULL,38,NULL,'TOPUP',2042.60,'SUCCESS','AUTO_TOP_951725','2025-10-04 19:22:08'),(558,NULL,61,NULL,'TOPUP',1301.75,'SUCCESS','AUTO_TOP_113780','2025-10-01 19:22:08'),(559,NULL,83,NULL,'TOPUP',848.57,'SUCCESS','AUTO_TOP_636915','2025-10-20 19:22:08'),(560,NULL,89,NULL,'TOPUP',1417.72,'SUCCESS','AUTO_TOP_445828','2025-10-09 19:22:08'),(561,NULL,37,NULL,'TOPUP',2343.14,'SUCCESS','AUTO_TOP_529182','2025-10-23 19:22:08'),(562,NULL,78,NULL,'TOPUP',660.73,'SUCCESS','AUTO_TOP_497403','2025-10-08 19:22:08'),(563,NULL,42,NULL,'TOPUP',2636.17,'SUCCESS','AUTO_TOP_845502','2025-10-09 19:22:08'),(564,NULL,5,NULL,'TOPUP',488.47,'SUCCESS','AUTO_TOP_417860','2025-10-16 19:22:08'),(565,NULL,33,NULL,'TOPUP',816.59,'SUCCESS','AUTO_TOP_140480','2025-10-12 19:22:08'),(566,NULL,91,NULL,'TOPUP',2323.97,'SUCCESS','AUTO_TOP_838195','2025-10-01 19:22:08'),(567,NULL,43,NULL,'TOPUP',779.49,'SUCCESS','AUTO_TOP_722003','2025-10-04 19:22:08'),(568,NULL,31,NULL,'TOPUP',2921.63,'SUCCESS','AUTO_TOP_653284','2025-10-20 19:22:08'),(569,NULL,92,NULL,'TOPUP',1779.40,'SUCCESS','AUTO_TOP_894286','2025-10-06 19:22:08'),(570,NULL,52,NULL,'TOPUP',483.37,'SUCCESS','AUTO_TOP_924106','2025-10-22 19:22:08'),(571,NULL,73,NULL,'TOPUP',2464.52,'SUCCESS','AUTO_TOP_631275','2025-10-10 19:22:08'),(572,NULL,67,NULL,'TOPUP',978.63,'SUCCESS','AUTO_TOP_374846','2025-10-08 19:22:08'),(573,NULL,83,NULL,'TOPUP',2844.89,'SUCCESS','AUTO_TOP_939024','2025-10-30 19:22:08'),(574,NULL,29,NULL,'TOPUP',1328.20,'SUCCESS','AUTO_TOP_122730','2025-10-01 19:22:08'),(575,NULL,92,NULL,'TOPUP',1936.79,'SUCCESS','AUTO_TOP_235669','2025-10-30 19:22:08'),(576,NULL,64,NULL,'TOPUP',533.97,'SUCCESS','AUTO_TOP_693414','2025-10-02 19:22:08'),(577,NULL,84,NULL,'TOPUP',1072.59,'SUCCESS','AUTO_TOP_952116','2025-10-05 19:22:08'),(578,NULL,47,NULL,'TOPUP',2446.08,'SUCCESS','AUTO_TOP_409370','2025-10-16 19:22:08'),(579,NULL,34,NULL,'TOPUP',925.89,'SUCCESS','AUTO_TOP_292499','2025-10-20 19:22:08'),(580,NULL,8,NULL,'TOPUP',1249.29,'SUCCESS','AUTO_TOP_568511','2025-10-14 19:22:08'),(581,NULL,21,NULL,'TOPUP',1308.75,'SUCCESS','AUTO_TOP_306801','2025-10-29 19:22:08'),(582,NULL,52,NULL,'TOPUP',1509.55,'SUCCESS','AUTO_TOP_683565','2025-10-03 19:22:08'),(583,NULL,72,NULL,'TOPUP',2565.57,'SUCCESS','AUTO_TOP_811937','2025-10-13 19:22:08'),(584,NULL,58,NULL,'TOPUP',518.91,'SUCCESS','AUTO_TOP_825762','2025-10-09 19:22:08'),(585,NULL,15,NULL,'TOPUP',1976.28,'SUCCESS','AUTO_TOP_569475','2025-10-06 19:22:08'),(586,NULL,60,NULL,'TOPUP',1632.61,'SUCCESS','AUTO_TOP_643346','2025-10-13 19:22:08'),(587,NULL,12,NULL,'TOPUP',2707.38,'SUCCESS','AUTO_TOP_840458','2025-10-12 19:22:08'),(588,NULL,57,NULL,'TOPUP',3191.05,'SUCCESS','AUTO_TOP_366028','2025-10-16 19:22:08'),(589,NULL,55,NULL,'TOPUP',1032.81,'SUCCESS','AUTO_TOP_770564','2025-10-04 19:22:08'),(590,NULL,23,NULL,'TOPUP',1579.62,'SUCCESS','AUTO_TOP_655179','2025-10-09 19:22:08'),(591,NULL,68,NULL,'TOPUP',951.85,'SUCCESS','AUTO_TOP_310807','2025-10-18 19:22:08'),(592,NULL,40,NULL,'TOPUP',2333.99,'SUCCESS','AUTO_TOP_437590','2025-10-08 19:22:08'),(593,NULL,59,NULL,'TOPUP',2260.21,'SUCCESS','AUTO_TOP_718229','2025-10-19 19:22:08'),(594,NULL,82,NULL,'TOPUP',2998.71,'SUCCESS','AUTO_TOP_307777','2025-10-20 19:22:08'),(595,NULL,9,NULL,'TOPUP',1281.23,'SUCCESS','AUTO_TOP_591135','2025-10-11 19:22:08'),(596,NULL,60,NULL,'TOPUP',365.33,'SUCCESS','AUTO_TOP_529596','2025-10-24 19:22:08'),(597,NULL,68,NULL,'TOPUP',2327.51,'SUCCESS','AUTO_TOP_569765','2025-10-16 19:22:08'),(598,NULL,85,NULL,'TOPUP',2543.58,'SUCCESS','AUTO_TOP_432196','2025-10-15 19:22:08'),(599,NULL,41,NULL,'TOPUP',1719.47,'SUCCESS','AUTO_TOP_392524','2025-10-27 19:22:08'),(600,NULL,56,NULL,'TOPUP',1547.82,'SUCCESS','AUTO_TOP_627943','2025-10-13 19:22:08'),(601,NULL,17,NULL,'TOPUP',426.01,'SUCCESS','AUTO_TOP_890310','2025-10-26 19:22:08'),(602,NULL,19,NULL,'TOPUP',1548.15,'SUCCESS','AUTO_TOP_712905','2025-10-29 19:22:08'),(603,NULL,25,NULL,'TOPUP',308.82,'SUCCESS','AUTO_TOP_511493','2025-10-25 19:22:08'),(604,NULL,52,NULL,'TOPUP',324.39,'SUCCESS','AUTO_TOP_697039','2025-10-25 19:22:08'),(605,NULL,98,NULL,'TOPUP',1052.66,'SUCCESS','AUTO_TOP_553667','2025-10-10 19:22:08'),(606,NULL,83,NULL,'TOPUP',585.84,'SUCCESS','AUTO_TOP_247608','2025-10-17 19:22:08'),(607,NULL,68,NULL,'TOPUP',477.27,'SUCCESS','AUTO_TOP_482574','2025-10-05 19:22:08'),(608,NULL,97,NULL,'TOPUP',1049.18,'SUCCESS','AUTO_TOP_566916','2025-10-08 19:22:08'),(609,NULL,17,NULL,'TOPUP',2010.80,'SUCCESS','AUTO_TOP_563689','2025-10-08 19:22:08'),(610,NULL,29,NULL,'TOPUP',521.85,'SUCCESS','AUTO_TOP_725140','2025-10-26 19:22:08'),(611,NULL,68,NULL,'TOPUP',2919.23,'SUCCESS','AUTO_TOP_564513','2025-10-05 19:22:08'),(612,NULL,76,NULL,'TOPUP',826.63,'SUCCESS','AUTO_TOP_791687','2025-10-24 19:22:08'),(613,NULL,78,NULL,'TOPUP',876.83,'SUCCESS','AUTO_TOP_823372','2025-10-20 19:22:08'),(614,NULL,30,NULL,'TOPUP',1597.01,'SUCCESS','AUTO_TOP_490173','2025-10-07 19:22:08'),(615,NULL,56,NULL,'TOPUP',1551.94,'SUCCESS','AUTO_TOP_636163','2025-10-12 19:22:08'),(616,NULL,35,NULL,'TOPUP',2757.20,'SUCCESS','AUTO_TOP_300174','2025-10-14 19:22:08'),(617,NULL,11,NULL,'TOPUP',2813.34,'SUCCESS','AUTO_TOP_130703','2025-10-14 19:22:08'),(618,NULL,69,NULL,'TOPUP',2442.21,'SUCCESS','AUTO_TOP_717005','2025-10-25 19:22:08'),(619,NULL,88,NULL,'TOPUP',2598.97,'SUCCESS','AUTO_TOP_445973','2025-10-15 19:22:08'),(620,NULL,47,NULL,'TOPUP',2426.55,'SUCCESS','AUTO_TOP_391603','2025-10-19 19:22:08'),(621,NULL,100,NULL,'TOPUP',2589.02,'SUCCESS','AUTO_TOP_996084','2025-10-13 19:22:08'),(622,NULL,96,NULL,'TOPUP',284.63,'SUCCESS','AUTO_TOP_337172','2025-10-24 19:22:08'),(623,NULL,38,NULL,'TOPUP',718.74,'SUCCESS','AUTO_TOP_767286','2025-10-25 19:22:08'),(624,NULL,72,NULL,'TOPUP',270.84,'SUCCESS','AUTO_TOP_968288','2025-10-08 19:22:08'),(625,NULL,88,NULL,'TOPUP',482.29,'SUCCESS','AUTO_TOP_872799','2025-10-30 19:22:08'),(626,NULL,48,NULL,'TOPUP',1288.39,'SUCCESS','AUTO_TOP_438791','2025-10-07 19:22:08'),(627,NULL,84,NULL,'TOPUP',2650.44,'SUCCESS','AUTO_TOP_608640','2025-10-19 19:22:08'),(628,NULL,19,NULL,'TOPUP',2540.74,'SUCCESS','AUTO_TOP_421713','2025-10-17 19:22:08'),(629,NULL,17,NULL,'TOPUP',1587.31,'SUCCESS','AUTO_TOP_847819','2025-10-07 19:22:08'),(630,NULL,35,NULL,'TOPUP',1447.06,'SUCCESS','AUTO_TOP_143186','2025-10-01 19:22:08'),(631,NULL,83,NULL,'TOPUP',569.63,'SUCCESS','AUTO_TOP_239480','2025-10-18 19:22:08'),(632,NULL,57,NULL,'TOPUP',1972.83,'SUCCESS','AUTO_TOP_343624','2025-10-13 19:22:08'),(633,NULL,10,NULL,'TOPUP',2340.97,'SUCCESS','AUTO_TOP_365446','2025-10-20 19:22:08'),(634,NULL,79,NULL,'TOPUP',2954.05,'SUCCESS','AUTO_TOP_314701','2025-10-17 19:22:08'),(635,NULL,48,NULL,'TOPUP',421.21,'SUCCESS','AUTO_TOP_941257','2025-10-17 19:22:08'),(636,NULL,46,NULL,'TOPUP',2998.13,'SUCCESS','AUTO_TOP_360585','2025-10-11 19:22:08'),(637,NULL,38,NULL,'TOPUP',3041.93,'SUCCESS','AUTO_TOP_639057','2025-10-26 19:22:08'),(638,NULL,97,NULL,'TOPUP',1334.05,'SUCCESS','AUTO_TOP_989354','2025-10-06 19:22:08'),(639,NULL,7,NULL,'TOPUP',2981.71,'SUCCESS','AUTO_TOP_484824','2025-10-20 19:22:08'),(640,NULL,50,NULL,'TOPUP',1468.19,'SUCCESS','AUTO_TOP_656967','2025-10-06 19:22:08'),(641,NULL,28,NULL,'TOPUP',2872.26,'SUCCESS','AUTO_TOP_669155','2025-10-16 19:22:08'),(642,NULL,56,NULL,'TOPUP',1063.14,'SUCCESS','AUTO_TOP_806009','2025-10-29 19:22:08'),(643,NULL,95,NULL,'TOPUP',1802.75,'SUCCESS','AUTO_TOP_859824','2025-10-12 19:22:08'),(644,NULL,56,NULL,'TOPUP',3029.39,'SUCCESS','AUTO_TOP_132832','2025-10-20 19:22:08'),(645,NULL,66,NULL,'TOPUP',857.39,'SUCCESS','AUTO_TOP_215863','2025-10-01 19:22:08'),(646,NULL,55,NULL,'TOPUP',2502.67,'SUCCESS','AUTO_TOP_281720','2025-10-09 19:22:08'),(647,NULL,93,NULL,'TOPUP',1768.49,'SUCCESS','AUTO_TOP_845244','2025-10-13 19:22:08'),(648,NULL,38,NULL,'TOPUP',674.18,'SUCCESS','AUTO_TOP_699661','2025-10-05 19:22:08'),(649,NULL,29,NULL,'TOPUP',2796.94,'SUCCESS','AUTO_TOP_519177','2025-10-09 19:22:08'),(650,NULL,27,NULL,'TOPUP',541.53,'SUCCESS','AUTO_TOP_805261','2025-10-13 19:22:08'),(651,NULL,54,NULL,'TOPUP',2991.86,'SUCCESS','AUTO_TOP_151178','2025-10-16 19:22:08'),(652,NULL,30,NULL,'TOPUP',3143.82,'SUCCESS','AUTO_TOP_128046','2025-10-24 19:22:08'),(653,NULL,97,NULL,'TOPUP',789.44,'SUCCESS','AUTO_TOP_174621','2025-10-06 19:22:08'),(654,NULL,88,NULL,'TOPUP',2927.43,'SUCCESS','AUTO_TOP_923501','2025-10-05 19:22:08'),(655,NULL,50,NULL,'TOPUP',2964.86,'SUCCESS','AUTO_TOP_216548','2025-10-04 19:22:08'),(656,NULL,3,NULL,'TOPUP',1626.12,'SUCCESS','AUTO_TOP_372622','2025-10-28 19:22:08'),(657,NULL,54,NULL,'TOPUP',1406.21,'SUCCESS','AUTO_TOP_468912','2025-10-05 19:22:08'),(658,NULL,99,NULL,'TOPUP',1412.57,'SUCCESS','AUTO_TOP_154443','2025-10-28 19:22:08'),(659,NULL,27,NULL,'TOPUP',410.54,'SUCCESS','AUTO_TOP_592295','2025-10-15 19:22:08'),(660,NULL,99,NULL,'TOPUP',1197.82,'SUCCESS','AUTO_TOP_747544','2025-10-13 19:22:08');
/*!40000 ALTER TABLE `transactions` ENABLE KEYS */;
UNLOCK TABLES;

--
-- Table structure for table `users`
--

DROP TABLE IF EXISTS `users`;
/*!40101 SET @saved_cs_client     = @@character_set_client */;
/*!50503 SET character_set_client = utf8mb4 */;
CREATE TABLE `users` (
  `user_id` bigint NOT NULL AUTO_INCREMENT,
  `name` varchar(150) COLLATE utf8mb4_unicode_ci NOT NULL,
  `mobile` varchar(20) COLLATE utf8mb4_unicode_ci NOT NULL,
  `email` varchar(150) COLLATE utf8mb4_unicode_ci DEFAULT NULL,
  `kyc_status` enum('NONE','PENDING','VERIFIED') COLLATE utf8mb4_unicode_ci DEFAULT 'PENDING',
  `created_at` timestamp NULL DEFAULT CURRENT_TIMESTAMP,
  PRIMARY KEY (`user_id`),
  UNIQUE KEY `ux_users_mobile` (`mobile`)
) ENGINE=InnoDB AUTO_INCREMENT=101 DEFAULT CHARSET=utf8mb4 COLLATE=utf8mb4_unicode_ci;
/*!40101 SET character_set_client = @saved_cs_client */;

--
-- Dumping data for table `users`
--

LOCK TABLES `users` WRITE;
/*!40000 ALTER TABLE `users` DISABLE KEYS */;
INSERT INTO `users` VALUES (1,'Aarav Mehta','9123400001','aarav01@paymo.in','VERIFIED','2025-10-30 19:22:08'),(2,'Diya Sharma','9123400002','diya02@paymo.in','VERIFIED','2025-10-30 19:22:08'),(3,'Rohan Gupta','9123400003','rohan03@paymo.in','PENDING','2025-10-30 19:22:08'),(4,'Isha Nair','9123400004','isha04@paymo.in','VERIFIED','2025-10-30 19:22:08'),(5,'Vikram Singh','9123400005','vikram05@paymo.in','NONE','2025-10-30 19:22:08'),(6,'Ananya Verma','9123400006','ananya06@paymo.in','VERIFIED','2025-10-30 19:22:08'),(7,'Aditya Rao','9123400007','aditya07@paymo.in','PENDING','2025-10-30 19:22:08'),(8,'Meera Joshi','9123400008','meera08@paymo.in','VERIFIED','2025-10-30 19:22:08'),(9,'Karan Patel','9123400009','karan09@paymo.in','NONE','2025-10-30 19:22:08'),(10,'Nisha Bansal','9123400010','nisha10@paymo.in','VERIFIED','2025-10-30 19:22:08'),(11,'Yash Khanna','9123400011','yash11@paymo.in','VERIFIED','2025-10-30 19:22:08'),(12,'Priya Reddy','9123400012','priya12@paymo.in','PENDING','2025-10-30 19:22:08'),(13,'Arjun Das','9123400013','arjun13@paymo.in','VERIFIED','2025-10-30 19:22:08'),(14,'Kavya Menon','9123400014','kavya14@paymo.in','NONE','2025-10-30 19:22:08'),(15,'Sahil Kapoor','9123400015','sahil15@paymo.in','VERIFIED','2025-10-30 19:22:08'),(16,'Sneha Pillai','9123400016','sneha16@paymo.in','VERIFIED','2025-10-30 19:22:08'),(17,'Rahul Iyer','9123400017','rahul17@paymo.in','PENDING','2025-10-30 19:22:08'),(18,'Tanya Chauhan','9123400018','tanya18@paymo.in','VERIFIED','2025-10-30 19:22:08'),(19,'Vishal Goel','9123400019','vishal19@paymo.in','NONE','2025-10-30 19:22:08'),(20,'Ritika Bhatt','9123400020','ritika20@paymo.in','VERIFIED','2025-10-30 19:22:08'),(21,'Aman Sharma','9123400021','aman21@paymo.in','VERIFIED','2025-10-30 19:22:08'),(22,'Simran Sethi','9123400022','simran22@paymo.in','VERIFIED','2025-10-30 19:22:08'),(23,'Krish Malhotra','9123400023','krish23@paymo.in','PENDING','2025-10-30 19:22:08'),(24,'Avni Deshmukh','9123400024','avni24@paymo.in','VERIFIED','2025-10-30 19:22:08'),(25,'Dev Patel','9123400025','dev25@paymo.in','NONE','2025-10-30 19:22:08'),(26,'Shruti Jain','9123400026','shruti26@paymo.in','VERIFIED','2025-10-30 19:22:08'),(27,'Harsh Mehta','9123400027','harsh27@paymo.in','VERIFIED','2025-10-30 19:22:08'),(28,'Ira Mukherjee','9123400028','ira28@paymo.in','VERIFIED','2025-10-30 19:22:08'),(29,'Neel Joshi','9123400029','neel29@paymo.in','PENDING','2025-10-30 19:22:08'),(30,'Pari Khurana','9123400030','pari30@paymo.in','VERIFIED','2025-10-30 19:22:08'),(31,'Ishaan Kapoor','9123400031','ishaan31@paymo.in','PENDING','2025-10-30 19:22:08'),(32,'Navya Reddy','9123400032','navya32@paymo.in','VERIFIED','2025-10-30 19:22:08'),(33,'Ritvik Bansal','9123400033','ritvik33@paymo.in','VERIFIED','2025-10-30 19:22:08'),(34,'Anvi Sharma','9123400034','anvi34@paymo.in','NONE','2025-10-30 19:22:08'),(35,'Kabir Menon','9123400035','kabir35@paymo.in','VERIFIED','2025-10-30 19:22:08'),(36,'Rhea Nair','9123400036','rhea36@paymo.in','VERIFIED','2025-10-30 19:22:08'),(37,'Tanishq Singh','9123400037','tanishq37@paymo.in','PENDING','2025-10-30 19:22:08'),(38,'Aditi Gupta','9123400038','aditi38@paymo.in','VERIFIED','2025-10-30 19:22:08'),(39,'Aryan Malhotra','9123400039','aryan39@paymo.in','VERIFIED','2025-10-30 19:22:08'),(40,'Kiara Das','9123400040','kiara40@paymo.in','VERIFIED','2025-10-30 19:22:08'),(41,'Rudra Joshi','9123400041','rudra41@paymo.in','VERIFIED','2025-10-30 19:22:08'),(42,'Divya Iyer','9123400042','divya42@paymo.in','PENDING','2025-10-30 19:22:08'),(43,'Naman Verma','9123400043','naman43@paymo.in','VERIFIED','2025-10-30 19:22:08'),(44,'Aanya Pillai','9123400044','aanya44@paymo.in','VERIFIED','2025-10-30 19:22:08'),(45,'Rohit Kapoor','9123400045','rohit45@paymo.in','NONE','2025-10-30 19:22:08'),(46,'Ishita Rao','9123400046','ishita46@paymo.in','VERIFIED','2025-10-30 19:22:08'),(47,'Arav Patel','9123400047','arav47@paymo.in','VERIFIED','2025-10-30 19:22:08'),(48,'Tanvi Mehta','9123400048','tanvi48@paymo.in','VERIFIED','2025-10-30 19:22:08'),(49,'Ayush Jain','9123400049','ayush49@paymo.in','VERIFIED','2025-10-30 19:22:08'),(50,'Myra Singh','9123400050','myra50@paymo.in','PENDING','2025-10-30 19:22:08'),(51,'Reyansh Gupta','9123400051','reyansh51@paymo.in','VERIFIED','2025-10-30 19:22:08'),(52,'Sara Nair','9123400052','sara52@paymo.in','VERIFIED','2025-10-30 19:22:08'),(53,'Laksh Khanna','9123400053','laksh53@paymo.in','VERIFIED','2025-10-30 19:22:08'),(54,'Aaradhya Sharma','9123400054','aaradhya54@paymo.in','PENDING','2025-10-30 19:22:08'),(55,'Nivaan Patel','9123400055','nivaan55@paymo.in','VERIFIED','2025-10-30 19:22:08'),(56,'Advika Bansal','9123400056','advika56@paymo.in','VERIFIED','2025-10-30 19:22:08'),(57,'Ira Reddy','9123400057','ira57@paymo.in','VERIFIED','2025-10-30 19:22:08'),(58,'Viaan Kapoor','9123400058','viaan58@paymo.in','NONE','2025-10-30 19:22:08'),(59,'Samaira Das','9123400059','samaira59@paymo.in','VERIFIED','2025-10-30 19:22:08'),(60,'Darsh Mehta','9123400060','darsh60@paymo.in','VERIFIED','2025-10-30 19:22:08'),(61,'Trisha Iyer','9123400061','trisha61@paymo.in','VERIFIED','2025-10-30 19:22:08'),(62,'Ayaan Verma','9123400062','ayaan62@paymo.in','PENDING','2025-10-30 19:22:08'),(63,'Sia Nair','9123400063','sia63@paymo.in','VERIFIED','2025-10-30 19:22:08'),(64,'Rehaan Singh','9123400064','rehaan64@paymo.in','VERIFIED','2025-10-30 19:22:08'),(65,'Anaya Gupta','9123400065','anaya65@paymo.in','VERIFIED','2025-10-30 19:22:08'),(66,'Dhruv Patel','9123400066','dhruv66@paymo.in','NONE','2025-10-30 19:22:08'),(67,'Kiara Menon','9123400067','kiara67@paymo.in','VERIFIED','2025-10-30 19:22:08'),(68,'Aarush Reddy','9123400068','aarush68@paymo.in','PENDING','2025-10-30 19:22:08'),(69,'Vanya Bansal','9123400069','vanya69@paymo.in','VERIFIED','2025-10-30 19:22:08'),(70,'Ritvik Sharma','9123400070','ritvik70@paymo.in','VERIFIED','2025-10-30 19:22:08'),(71,'Anika Joshi','9123400071','anika71@paymo.in','VERIFIED','2025-10-30 19:22:08'),(72,'Kabir Rao','9123400072','kabir72@paymo.in','VERIFIED','2025-10-30 19:22:08'),(73,'Meera Kapoor','9123400073','meera73@paymo.in','VERIFIED','2025-10-30 19:22:08'),(74,'Arnav Verma','9123400074','arnav74@paymo.in','PENDING','2025-10-30 19:22:08'),(75,'Aadhya Singh','9123400075','aadhya75@paymo.in','VERIFIED','2025-10-30 19:22:08'),(76,'Ishan Gupta','9123400076','ishan76@paymo.in','VERIFIED','2025-10-30 19:22:08'),(77,'Rhea Patel','9123400077','rhea77@paymo.in','VERIFIED','2025-10-30 19:22:08'),(78,'Vedant Nair','9123400078','vedant78@paymo.in','NONE','2025-10-30 19:22:08'),(79,'Mira Sharma','9123400079','mira79@paymo.in','VERIFIED','2025-10-30 19:22:08'),(80,'Kiaan Das','9123400080','kiaan80@paymo.in','VERIFIED','2025-10-30 19:22:08'),(81,'Amaira Menon','9123400081','amaira81@paymo.in','VERIFIED','2025-10-30 19:22:08'),(82,'Aarav Jain','9123400082','aarav82@paymo.in','PENDING','2025-10-30 19:22:08'),(83,'Reva Singh','9123400083','reva83@paymo.in','VERIFIED','2025-10-30 19:22:08'),(84,'Yuvan Mehta','9123400084','yuvan84@paymo.in','VERIFIED','2025-10-30 19:22:08'),(85,'Siya Iyer','9123400085','siya85@paymo.in','VERIFIED','2025-10-30 19:22:08'),(86,'Arush Reddy','9123400086','arush86@paymo.in','VERIFIED','2025-10-30 19:22:08'),(87,'Ira Malhotra','9123400087','ira87@paymo.in','NONE','2025-10-30 19:22:08'),(88,'Vihaan Kapoor','9123400088','vihaan88@paymo.in','VERIFIED','2025-10-30 19:22:08'),(89,'Aanya Das','9123400089','aanya89@paymo.in','VERIFIED','2025-10-30 19:22:08'),(90,'Atharv Gupta','9123400090','atharv90@paymo.in','VERIFIED','2025-10-30 19:22:08'),(91,'Kiara Nair','9123400091','kiara91@paymo.in','PENDING','2025-10-30 19:22:08'),(92,'Rudra Menon','9123400092','rudra92@paymo.in','VERIFIED','2025-10-30 19:22:08'),(93,'Myra Patel','9123400093','myra93@paymo.in','VERIFIED','2025-10-30 19:22:08'),(94,'Ahaan Reddy','9123400094','ahaan94@paymo.in','VERIFIED','2025-10-30 19:22:08'),(95,'Navya Kapoor','9123400095','navya95@paymo.in','VERIFIED','2025-10-30 19:22:08'),(96,'Vivaan Das','9123400096','vivaan96@paymo.in','VERIFIED','2025-10-30 19:22:08'),(97,'Aarohi Mehta','9123400097','aarohi97@paymo.in','PENDING','2025-10-30 19:22:08'),(98,'Advait Sharma','9123400098','advait98@paymo.in','VERIFIED','2025-10-30 19:22:08'),(99,'Tara Nair','9123400099','tara99@paymo.in','VERIFIED','2025-10-30 19:22:08'),(100,'Krish Kapoor','9123400100','krish100@paymo.in','VERIFIED','2025-10-30 19:22:08');
/*!40000 ALTER TABLE `users` ENABLE KEYS */;
UNLOCK TABLES;

--
-- Table structure for table `wallet_ledger`
--

DROP TABLE IF EXISTS `wallet_ledger`;
/*!40101 SET @saved_cs_client     = @@character_set_client */;
/*!50503 SET character_set_client = utf8mb4 */;
CREATE TABLE `wallet_ledger` (
  `ledger_id` bigint NOT NULL AUTO_INCREMENT,
  `wallet_id` bigint NOT NULL,
  `txn_id` bigint DEFAULT NULL,
  `change_amount` decimal(14,2) NOT NULL,
  `balance_after` decimal(14,2) DEFAULT '0.00',
  `created_at` timestamp NULL DEFAULT CURRENT_TIMESTAMP,
  PRIMARY KEY (`ledger_id`),
  KEY `idx_ledger_wallet` (`wallet_id`),
  KEY `txn_id` (`txn_id`),
  CONSTRAINT `wallet_ledger_ibfk_1` FOREIGN KEY (`wallet_id`) REFERENCES `wallets` (`wallet_id`) ON DELETE CASCADE,
  CONSTRAINT `wallet_ledger_ibfk_2` FOREIGN KEY (`txn_id`) REFERENCES `transactions` (`txn_id`) ON DELETE SET NULL
) ENGINE=InnoDB AUTO_INCREMENT=760 DEFAULT CHARSET=utf8mb4 COLLATE=utf8mb4_unicode_ci;
/*!40101 SET character_set_client = @saved_cs_client */;

--
-- Dumping data for table `wallet_ledger`
--

LOCK TABLES `wallet_ledger` WRITE;
/*!40000 ALTER TABLE `wallet_ledger` DISABLE KEYS */;
INSERT INTO `wallet_ledger` VALUES (1,1,1,-150.00,3754.56,'2025-10-27 19:22:08'),(2,2,2,-50.00,1594.69,'2025-10-28 19:22:08'),(3,4,3,-120.00,1846.30,'2025-10-29 19:22:08'),(4,5,4,-250.00,-2213.15,'2025-10-26 19:22:08'),(5,6,5,-800.00,3474.80,'2025-10-29 19:22:08'),(6,7,6,-90.00,90.13,'2025-10-24 19:22:08'),(7,9,7,-600.00,838.87,'2025-10-25 19:22:08'),(8,10,8,-110.00,-511.81,'2025-10-27 19:22:08'),(9,11,9,-500.00,5359.62,'2025-10-29 19:22:08'),(10,13,10,-700.00,119.54,'2025-10-23 19:22:08'),(11,14,11,-200.00,1741.33,'2025-10-28 19:22:08'),(12,16,12,-320.00,-1291.57,'2025-10-29 19:22:08'),(13,17,13,-150.00,10270.14,'2025-10-25 19:22:08'),(14,19,14,-450.00,4752.78,'2025-10-26 19:22:08'),(15,20,15,-999.00,-903.03,'2025-10-27 19:22:08'),(16,21,16,-250.00,8194.64,'2025-10-28 19:22:08'),(17,22,17,-60.00,1853.56,'2025-10-29 19:22:08'),(18,24,18,-340.00,2720.20,'2025-10-24 19:22:08'),(19,25,19,-80.00,886.24,'2025-10-29 19:22:08'),(20,27,20,-420.00,2690.97,'2025-10-28 19:22:08'),(21,28,21,-60.00,3902.17,'2025-10-26 19:22:08'),(22,30,22,-570.00,4310.63,'2025-10-29 19:22:08'),(23,5,23,-2000.00,-2213.15,'2025-10-29 19:22:08'),(24,8,24,-500.00,8154.45,'2025-10-28 19:22:08'),(25,15,25,-1500.00,-498.04,'2025-10-27 19:22:08'),(26,66,26,-858.84,1157.24,'2025-10-22 19:22:08'),(27,59,27,-374.00,1444.10,'2025-10-24 19:22:08'),(28,22,28,-205.83,1853.56,'2025-10-24 19:22:08'),(29,83,29,-122.47,8318.04,'2025-10-01 19:22:08'),(30,44,30,-682.04,3637.43,'2025-10-09 19:22:08'),(31,40,31,-798.40,4420.43,'2025-10-18 19:22:08'),(32,44,32,-351.23,3637.43,'2025-10-28 19:22:08'),(33,98,33,-306.17,9847.42,'2025-10-20 19:22:08'),(34,46,34,-697.09,3320.88,'2025-10-04 19:22:08'),(35,7,35,-212.05,90.13,'2025-10-11 19:22:08'),(36,77,36,-131.95,775.51,'2025-10-09 19:22:08'),(37,27,37,-800.64,2690.97,'2025-10-11 19:22:08'),(38,48,38,-536.77,2893.32,'2025-10-16 19:22:08'),(39,24,39,-782.88,2720.20,'2025-10-14 19:22:08'),(40,50,40,-407.53,4327.97,'2025-10-09 19:22:08'),(41,89,41,-667.27,222.71,'2025-10-19 19:22:08'),(42,59,42,-939.79,1444.10,'2025-10-15 19:22:08'),(43,15,43,-646.39,-498.04,'2025-10-12 19:22:08'),(44,52,44,-410.03,1473.11,'2025-10-14 19:22:08'),(45,7,45,-471.41,90.13,'2025-10-05 19:22:08'),(46,8,46,-240.27,8154.45,'2025-10-28 19:22:08'),(47,46,47,-653.08,3320.88,'2025-10-02 19:22:08'),(48,23,48,-707.28,3624.41,'2025-10-26 19:22:08'),(49,80,49,-288.40,543.69,'2025-10-11 19:22:08'),(50,17,50,-74.70,10270.14,'2025-10-30 19:22:08'),(51,80,51,-403.28,543.69,'2025-10-04 19:22:08'),(52,49,52,-242.13,1831.31,'2025-10-16 19:22:08'),(53,91,53,-940.77,3985.78,'2025-10-12 19:22:08'),(54,29,54,-901.62,6137.28,'2025-10-18 19:22:08'),(55,68,55,-432.86,11561.33,'2025-10-13 19:22:08'),(56,66,56,-626.15,1157.24,'2025-10-12 19:22:08'),(57,69,57,-642.32,4426.23,'2025-10-10 19:22:08'),(58,84,58,-323.81,5535.55,'2025-10-02 19:22:08'),(59,92,59,-638.14,1611.38,'2025-10-14 19:22:08'),(60,58,60,-163.39,262.68,'2025-10-27 19:22:08'),(61,29,61,-630.40,6137.28,'2025-10-30 19:22:08'),(62,80,62,-181.80,543.69,'2025-10-16 19:22:08'),(63,53,63,-224.16,217.81,'2025-10-08 19:22:08'),(64,31,64,-714.80,4982.05,'2025-10-14 19:22:08'),(65,13,65,-654.52,119.54,'2025-10-02 19:22:08'),(66,27,66,-566.79,2690.97,'2025-10-03 19:22:08'),(67,67,67,-771.01,2598.34,'2025-10-16 19:22:08'),(68,93,68,-316.59,-2731.86,'2025-10-01 19:22:08'),(69,60,69,-508.61,3604.87,'2025-10-07 19:22:08'),(70,22,70,-865.09,1853.56,'2025-10-20 19:22:08'),(71,26,71,-263.70,6394.72,'2025-10-02 19:22:08'),(72,16,72,-347.86,-1291.57,'2025-10-15 19:22:08'),(73,53,73,-813.57,217.81,'2025-10-15 19:22:08'),(74,24,74,-381.30,2720.20,'2025-10-15 19:22:08'),(75,92,75,-113.85,1611.38,'2025-10-28 19:22:08'),(76,3,76,-424.32,-3373.85,'2025-10-23 19:22:08'),(77,40,77,-857.70,4420.43,'2025-10-11 19:22:08'),(78,27,78,-351.33,2690.97,'2025-10-11 19:22:08'),(79,22,79,-294.71,1853.56,'2025-10-02 19:22:08'),(80,51,80,-868.28,870.53,'2025-10-05 19:22:08'),(81,34,81,-902.54,903.64,'2025-10-01 19:22:08'),(82,15,82,-403.22,-498.04,'2025-10-08 19:22:08'),(83,98,83,-382.49,9847.42,'2025-10-04 19:22:08'),(84,11,84,-897.57,5359.62,'2025-10-30 19:22:08'),(85,23,85,-922.47,3624.41,'2025-10-19 19:22:08'),(86,26,86,-830.63,6394.72,'2025-10-21 19:22:08'),(87,25,87,-867.32,886.24,'2025-10-26 19:22:08'),(88,71,88,-353.90,1513.95,'2025-10-09 19:22:08'),(89,57,89,-790.06,6309.28,'2025-10-10 19:22:08'),(90,3,90,-338.18,-3373.85,'2025-10-15 19:22:08'),(91,67,91,-176.55,2598.34,'2025-10-15 19:22:08'),(92,8,92,-780.96,8154.45,'2025-10-02 19:22:08'),(93,35,93,-566.77,1576.06,'2025-10-24 19:22:08'),(94,17,94,-414.38,10270.14,'2025-10-06 19:22:08'),(95,90,95,-580.15,2698.01,'2025-10-15 19:22:08'),(96,62,96,-925.01,-3072.97,'2025-10-01 19:22:08'),(97,8,97,-963.04,8154.45,'2025-10-14 19:22:08'),(98,28,98,-809.23,3902.17,'2025-10-08 19:22:08'),(99,20,99,-296.53,-903.03,'2025-10-25 19:22:08'),(100,93,100,-590.64,-2731.86,'2025-10-15 19:22:08'),(101,70,101,-381.77,2985.59,'2025-10-19 19:22:08'),(102,72,102,-840.92,396.00,'2025-10-20 19:22:08'),(103,89,103,-184.53,222.71,'2025-10-10 19:22:08'),(104,59,104,-589.05,1444.10,'2025-10-16 19:22:08'),(105,72,105,-554.73,396.00,'2025-10-12 19:22:08'),(106,37,106,-791.52,797.10,'2025-10-15 19:22:08'),(107,74,107,-243.76,3972.52,'2025-10-23 19:22:08'),(108,96,108,-207.40,6808.40,'2025-10-14 19:22:08'),(109,38,109,-825.04,4748.27,'2025-10-27 19:22:08'),(110,10,110,-134.74,-511.81,'2025-10-04 19:22:08'),(111,71,111,-364.42,1513.95,'2025-10-02 19:22:08'),(112,76,112,-525.18,4314.08,'2025-10-10 19:22:08'),(113,54,113,-383.62,6939.38,'2025-10-04 19:22:08'),(114,50,114,-466.69,4327.97,'2025-10-03 19:22:08'),(115,2,115,-645.00,1594.69,'2025-10-07 19:22:08'),(116,55,116,-276.55,5120.61,'2025-10-13 19:22:08'),(117,75,117,-574.32,-1352.77,'2025-10-06 19:22:08'),(118,38,118,-174.23,4748.27,'2025-10-28 19:22:08'),(119,55,119,-779.36,5120.61,'2025-10-11 19:22:08'),(120,7,120,-672.78,90.13,'2025-10-03 19:22:08'),(121,100,121,-410.84,4521.98,'2025-10-23 19:22:08'),(122,99,122,-957.98,3461.58,'2025-10-21 19:22:08'),(123,93,123,-492.08,-2731.86,'2025-10-16 19:22:08'),(124,35,124,-183.04,1576.06,'2025-10-14 19:22:08'),(125,82,125,-504.28,2061.74,'2025-10-07 19:22:08'),(126,14,126,-339.11,1741.33,'2025-10-12 19:22:08'),(127,54,127,-702.38,6939.38,'2025-10-24 19:22:08'),(128,46,128,-959.81,3320.88,'2025-10-27 19:22:08'),(129,16,129,-738.86,-1291.57,'2025-10-18 19:22:08'),(130,9,130,-841.84,838.87,'2025-10-29 19:22:08'),(131,68,131,-264.37,11561.33,'2025-10-24 19:22:08'),(132,99,132,-329.49,3461.58,'2025-10-09 19:22:08'),(133,46,133,-149.94,3320.88,'2025-10-03 19:22:08'),(134,90,134,-695.34,2698.01,'2025-10-04 19:22:08'),(135,31,135,-435.88,4982.05,'2025-10-03 19:22:08'),(136,37,136,-107.64,797.10,'2025-10-04 19:22:08'),(137,73,137,-803.38,2636.15,'2025-10-13 19:22:08'),(138,95,138,-979.36,5502.24,'2025-10-27 19:22:08'),(139,49,139,-279.37,1831.31,'2025-10-25 19:22:08'),(140,55,140,-429.96,5120.61,'2025-10-11 19:22:08'),(141,20,141,-308.58,-903.03,'2025-10-17 19:22:08'),(142,92,142,-318.11,1611.38,'2025-10-26 19:22:08'),(143,28,143,-176.61,3902.17,'2025-10-30 19:22:08'),(144,7,144,-993.15,90.13,'2025-10-21 19:22:08'),(145,81,145,-980.75,-2519.00,'2025-10-20 19:22:08'),(146,84,146,-864.09,5535.55,'2025-10-07 19:22:08'),(147,77,147,-916.28,775.51,'2025-10-18 19:22:08'),(148,42,148,-791.45,1453.32,'2025-10-27 19:22:08'),(149,6,149,-631.74,3474.80,'2025-10-26 19:22:08'),(150,18,150,-592.01,-2260.47,'2025-10-23 19:22:08'),(151,48,151,-756.15,2893.32,'2025-10-06 19:22:08'),(152,69,152,-765.72,4426.23,'2025-10-27 19:22:08'),(153,3,153,-643.80,-3373.85,'2025-10-12 19:22:08'),(154,42,154,-880.44,1453.32,'2025-10-06 19:22:08'),(155,9,155,-513.56,838.87,'2025-10-17 19:22:08'),(156,56,156,-357.79,9557.76,'2025-10-26 19:22:08'),(157,43,157,-343.75,3884.03,'2025-10-29 19:22:08'),(158,100,158,-393.76,4521.98,'2025-10-03 19:22:08'),(159,3,159,-618.46,-3373.85,'2025-10-25 19:22:08'),(160,88,160,-696.55,4366.29,'2025-10-29 19:22:08'),(161,84,161,-477.06,5535.55,'2025-10-29 19:22:08'),(162,38,162,-695.32,4748.27,'2025-10-15 19:22:08'),(163,20,163,-717.57,-903.03,'2025-10-12 19:22:08'),(164,62,164,-451.62,-3072.97,'2025-10-16 19:22:08'),(165,37,165,-814.10,797.10,'2025-10-01 19:22:08'),(166,30,166,-648.36,4310.63,'2025-10-20 19:22:08'),(167,76,167,-604.85,4314.08,'2025-10-22 19:22:08'),(168,58,168,-446.90,262.68,'2025-10-07 19:22:08'),(169,92,169,-352.71,1611.38,'2025-10-06 19:22:08'),(170,22,170,-493.61,1853.56,'2025-10-02 19:22:08'),(171,35,171,-368.56,1576.06,'2025-10-23 19:22:08'),(172,14,172,-173.88,1741.33,'2025-10-23 19:22:08'),(173,44,173,-859.90,3637.43,'2025-10-21 19:22:08'),(174,67,174,-797.66,2598.34,'2025-10-30 19:22:08'),(175,40,175,-698.90,4420.43,'2025-10-18 19:22:08'),(176,57,176,-301.67,6309.28,'2025-10-01 19:22:08'),(177,20,177,-776.08,-903.03,'2025-10-08 19:22:08'),(178,92,178,-961.20,1611.38,'2025-10-02 19:22:08'),(179,53,179,-87.01,217.81,'2025-10-30 19:22:08'),(180,4,180,-413.68,1846.30,'2025-10-01 19:22:08'),(181,100,181,-233.41,4521.98,'2025-10-08 19:22:08'),(182,19,182,-760.03,4752.78,'2025-10-15 19:22:08'),(183,34,183,-528.83,903.64,'2025-10-12 19:22:08'),(184,37,184,-839.83,797.10,'2025-10-14 19:22:08'),(185,15,185,-846.58,-498.04,'2025-10-11 19:22:08'),(186,11,186,-776.78,5359.62,'2025-10-14 19:22:08'),(187,92,187,-675.12,1611.38,'2025-10-23 19:22:08'),(188,35,188,-695.58,1576.06,'2025-10-05 19:22:08'),(189,46,189,-481.16,3320.88,'2025-10-14 19:22:08'),(190,75,190,-330.51,-1352.77,'2025-10-03 19:22:08'),(191,15,191,-274.78,-498.04,'2025-10-24 19:22:08'),(192,94,192,-287.54,4495.13,'2025-10-20 19:22:08'),(193,13,193,-353.24,119.54,'2025-10-01 19:22:08'),(194,90,194,-112.19,2698.01,'2025-10-24 19:22:08'),(195,7,195,-993.94,90.13,'2025-10-20 19:22:08'),(196,49,196,-691.90,1831.31,'2025-10-17 19:22:08'),(197,1,197,-223.04,3754.56,'2025-10-17 19:22:08'),(198,19,198,-505.07,4752.78,'2025-10-16 19:22:08'),(199,61,199,-323.59,4156.68,'2025-10-30 19:22:08'),(200,35,200,-410.10,1576.06,'2025-10-28 19:22:08'),(201,94,201,-166.38,4495.13,'2025-10-03 19:22:08'),(202,25,202,-607.62,886.24,'2025-10-03 19:22:08'),(203,100,203,-54.61,4521.98,'2025-10-25 19:22:08'),(204,56,204,-547.02,9557.76,'2025-10-01 19:22:08'),(205,20,205,-533.63,-903.03,'2025-10-03 19:22:08'),(206,12,206,-775.35,8150.23,'2025-10-16 19:22:08'),(207,36,207,-518.29,790.01,'2025-10-25 19:22:08'),(208,39,208,-573.27,3205.05,'2025-10-01 19:22:08'),(209,70,209,-684.07,2985.59,'2025-10-18 19:22:08'),(210,10,210,-651.54,-511.81,'2025-10-25 19:22:08'),(211,2,211,-787.32,1594.69,'2025-10-12 19:22:08'),(212,46,212,-920.09,3320.88,'2025-10-21 19:22:08'),(213,2,213,-371.56,1594.69,'2025-10-22 19:22:08'),(214,10,214,-721.03,-511.81,'2025-10-14 19:22:08'),(215,49,215,-624.41,1831.31,'2025-10-26 19:22:08'),(216,93,216,-248.35,-2731.86,'2025-10-11 19:22:08'),(217,96,217,-76.93,6808.40,'2025-10-02 19:22:08'),(218,28,218,-122.71,3902.17,'2025-10-02 19:22:08'),(219,78,219,-58.05,3400.61,'2025-10-25 19:22:08'),(220,45,220,-898.93,1920.12,'2025-10-02 19:22:08'),(221,20,221,-70.15,-903.03,'2025-10-12 19:22:08'),(222,89,222,-176.98,222.71,'2025-10-12 19:22:08'),(223,1,223,-50.44,3754.56,'2025-10-30 19:22:08'),(224,84,224,-249.79,5535.55,'2025-10-16 19:22:08'),(225,62,225,-132.52,-3072.97,'2025-10-28 19:22:08'),(226,48,281,-121.56,2893.32,'2025-10-01 19:22:08'),(227,50,282,-246.54,4327.97,'2025-10-18 19:22:08'),(228,33,283,-1004.26,2865.77,'2025-10-14 19:22:08'),(229,59,284,-777.86,1444.10,'2025-10-21 19:22:08'),(230,100,285,-201.64,4521.98,'2025-10-20 19:22:08'),(231,79,286,-307.19,4416.04,'2025-10-14 19:22:08'),(232,81,287,-509.81,-2519.00,'2025-10-01 19:22:08'),(233,83,288,-724.55,8318.04,'2025-10-16 19:22:08'),(234,83,289,-1226.70,8318.04,'2025-10-05 19:22:08'),(235,75,290,-1214.15,-1352.77,'2025-10-18 19:22:08'),(236,75,291,-181.17,-1352.77,'2025-10-22 19:22:08'),(237,76,292,-593.45,4314.08,'2025-10-17 19:22:08'),(238,64,293,-208.54,4166.88,'2025-10-11 19:22:08'),(239,35,294,-1290.46,1576.06,'2025-10-01 19:22:08'),(240,85,295,-157.82,8193.56,'2025-10-27 19:22:08'),(241,86,296,-1597.62,1308.53,'2025-10-22 19:22:08'),(242,67,297,-541.34,2598.34,'2025-10-12 19:22:08'),(243,81,298,-648.18,-2519.00,'2025-10-09 19:22:08'),(244,47,299,-926.82,9030.55,'2025-10-21 19:22:08'),(245,95,300,-449.36,5502.24,'2025-10-03 19:22:08'),(246,43,301,-989.63,3884.03,'2025-10-18 19:22:08'),(247,63,302,-411.55,-520.43,'2025-10-20 19:22:08'),(248,4,303,-450.00,1846.30,'2025-10-26 19:22:08'),(249,82,304,-1151.06,2061.74,'2025-10-30 19:22:08'),(250,19,305,-1368.18,4752.78,'2025-10-18 19:22:08'),(251,38,306,-1261.07,4748.27,'2025-10-20 19:22:08'),(252,29,307,-514.59,6137.28,'2025-10-11 19:22:08'),(253,3,308,-984.18,-3373.85,'2025-10-01 19:22:08'),(254,23,309,-524.58,3624.41,'2025-10-19 19:22:08'),(255,37,310,-504.02,797.10,'2025-10-05 19:22:08'),(256,29,311,-849.99,6137.28,'2025-10-04 19:22:08'),(257,84,312,-154.40,5535.55,'2025-10-26 19:22:08'),(258,73,313,-1591.09,2636.15,'2025-10-20 19:22:08'),(259,89,314,-745.39,222.71,'2025-10-24 19:22:08'),(260,38,315,-210.43,4748.27,'2025-10-01 19:22:08'),(261,5,316,-152.52,-2213.15,'2025-10-22 19:22:08'),(262,95,317,-1235.06,5502.24,'2025-10-06 19:22:08'),(263,10,318,-1056.41,-511.81,'2025-10-23 19:22:08'),(264,57,319,-989.50,6309.28,'2025-10-24 19:22:08'),(265,63,320,-1211.19,-520.43,'2025-10-17 19:22:08'),(266,78,321,-949.98,3400.61,'2025-10-07 19:22:08'),(267,62,322,-1305.39,-3072.97,'2025-10-08 19:22:08'),(268,22,323,-998.53,1853.56,'2025-10-17 19:22:08'),(269,92,324,-522.73,1611.38,'2025-10-26 19:22:08'),(270,34,325,-277.93,903.64,'2025-10-22 19:22:08'),(271,57,326,-818.52,6309.28,'2025-10-01 19:22:08'),(272,7,327,-1173.69,90.13,'2025-10-01 19:22:08'),(273,70,328,-695.89,2985.59,'2025-10-22 19:22:08'),(274,87,329,-130.63,4673.84,'2025-10-13 19:22:08'),(275,39,330,-971.50,3205.05,'2025-10-14 19:22:08'),(276,38,331,-125.93,4748.27,'2025-10-02 19:22:08'),(277,53,332,-575.68,217.81,'2025-10-21 19:22:08'),(278,89,333,-924.36,222.71,'2025-10-17 19:22:08'),(279,2,334,-935.56,1594.69,'2025-10-18 19:22:08'),(280,25,335,-235.37,886.24,'2025-10-15 19:22:08'),(281,89,336,-1225.06,222.71,'2025-10-21 19:22:08'),(282,24,337,-663.09,2720.20,'2025-10-29 19:22:08'),(283,56,338,-764.57,9557.76,'2025-10-18 19:22:08'),(284,3,339,-508.88,-3373.85,'2025-10-01 19:22:08'),(285,65,340,-702.12,3704.71,'2025-10-06 19:22:08'),(286,52,341,-1375.62,1473.11,'2025-10-14 19:22:08'),(287,74,342,-1320.08,3972.52,'2025-10-06 19:22:08'),(288,93,343,-245.24,-2731.86,'2025-10-15 19:22:08'),(289,73,344,-355.32,2636.15,'2025-10-10 19:22:08'),(290,49,345,-908.61,1831.31,'2025-10-05 19:22:08'),(291,75,346,-1252.27,-1352.77,'2025-10-04 19:22:08'),(292,65,347,-206.62,3704.71,'2025-10-13 19:22:08'),(293,23,348,-366.98,3624.41,'2025-10-19 19:22:08'),(294,60,349,-493.46,3604.87,'2025-10-12 19:22:08'),(295,46,350,-1082.57,3320.88,'2025-10-19 19:22:08'),(296,69,351,-777.57,4426.23,'2025-10-19 19:22:08'),(297,91,352,-254.82,3985.78,'2025-10-07 19:22:08'),(298,70,353,-812.01,2985.59,'2025-10-08 19:22:08'),(299,60,354,-190.91,3604.87,'2025-10-07 19:22:08'),(300,90,355,-168.63,2698.01,'2025-10-05 19:22:08'),(301,79,356,-1241.12,4416.04,'2025-10-19 19:22:08'),(302,36,357,-1580.12,790.01,'2025-10-15 19:22:08'),(303,35,358,-983.06,1576.06,'2025-10-27 19:22:08'),(304,89,359,-941.76,222.71,'2025-10-09 19:22:08'),(305,57,360,-1106.56,6309.28,'2025-10-12 19:22:08'),(306,18,361,-723.23,-2260.47,'2025-10-22 19:22:08'),(307,15,362,-1277.50,-498.04,'2025-10-12 19:22:08'),(308,87,363,-1468.31,4673.84,'2025-10-14 19:22:08'),(309,54,364,-1229.85,6939.38,'2025-10-17 19:22:08'),(310,65,365,-632.13,3704.71,'2025-10-02 19:22:08'),(311,11,366,-438.83,5359.62,'2025-10-21 19:22:08'),(312,64,367,-1562.43,4166.88,'2025-10-05 19:22:08'),(313,18,368,-355.41,-2260.47,'2025-10-11 19:22:08'),(314,73,369,-461.17,2636.15,'2025-10-28 19:22:08'),(315,91,370,-1263.38,3985.78,'2025-10-13 19:22:08'),(316,97,371,-825.87,7982.73,'2025-10-15 19:22:08'),(317,1,372,-549.44,3754.56,'2025-10-10 19:22:08'),(318,3,373,-634.26,-3373.85,'2025-10-13 19:22:08'),(319,34,374,-913.40,903.64,'2025-10-21 19:22:08'),(320,59,375,-534.52,1444.10,'2025-10-24 19:22:08'),(321,81,376,-860.86,-2519.00,'2025-10-18 19:22:08'),(322,91,377,-1275.63,3985.78,'2025-10-09 19:22:08'),(323,53,378,-1265.17,217.81,'2025-10-28 19:22:08'),(324,93,379,-552.28,-2731.86,'2025-10-19 19:22:08'),(325,13,380,-1572.78,119.54,'2025-10-13 19:22:08'),(326,35,381,-1544.84,1576.06,'2025-10-24 19:22:08'),(327,67,382,-359.68,2598.34,'2025-10-21 19:22:08'),(328,74,383,-535.09,3972.52,'2025-10-04 19:22:08'),(329,32,384,-1262.15,2735.87,'2025-10-03 19:22:08'),(330,46,385,-540.17,3320.88,'2025-10-17 19:22:08'),(331,60,386,-955.69,3604.87,'2025-10-17 19:22:08'),(332,83,387,-284.79,8318.04,'2025-10-03 19:22:08'),(333,28,388,-235.71,3902.17,'2025-10-23 19:22:08'),(334,10,389,-872.96,-511.81,'2025-10-03 19:22:08'),(335,73,390,-241.32,2636.15,'2025-10-22 19:22:08'),(336,69,391,-1219.56,4426.23,'2025-10-29 19:22:08'),(337,3,392,-114.92,-3373.85,'2025-10-02 19:22:08'),(338,76,393,-546.08,4314.08,'2025-10-04 19:22:08'),(339,22,394,-445.54,1853.56,'2025-10-17 19:22:08'),(340,20,395,-866.91,-903.03,'2025-10-03 19:22:08'),(341,55,396,-322.12,5120.61,'2025-10-03 19:22:08'),(342,90,397,-368.46,2698.01,'2025-10-20 19:22:08'),(343,2,398,-1597.77,1594.69,'2025-10-04 19:22:08'),(344,48,399,-580.22,2893.32,'2025-10-07 19:22:08'),(345,83,400,-964.53,8318.04,'2025-10-15 19:22:08'),(346,23,401,-583.45,3624.41,'2025-10-29 19:22:08'),(347,88,402,-615.08,4366.29,'2025-10-10 19:22:08'),(348,92,403,-363.15,1611.38,'2025-10-28 19:22:08'),(349,3,404,-580.24,-3373.85,'2025-10-04 19:22:08'),(350,55,405,-1005.56,5120.61,'2025-10-13 19:22:08'),(351,25,406,-1105.76,886.24,'2025-10-13 19:22:08'),(352,14,407,-547.74,1741.33,'2025-10-17 19:22:08'),(353,29,408,-620.37,6137.28,'2025-10-29 19:22:08'),(354,36,409,-344.45,790.01,'2025-10-03 19:22:08'),(355,95,410,-209.09,5502.24,'2025-10-05 19:22:08'),(356,3,411,-1101.98,-3373.85,'2025-10-15 19:22:08'),(357,42,412,-1012.38,1453.32,'2025-10-06 19:22:08'),(358,5,413,-1386.70,-2213.15,'2025-10-03 19:22:08'),(359,93,414,-769.83,-2731.86,'2025-10-25 19:22:08'),(360,77,415,-438.55,775.51,'2025-10-19 19:22:08'),(361,34,416,-688.13,903.64,'2025-10-17 19:22:08'),(362,70,417,-821.84,2985.59,'2025-10-04 19:22:08'),(363,22,418,-893.46,1853.56,'2025-10-27 19:22:08'),(364,50,419,-554.41,4327.97,'2025-10-21 19:22:08'),(365,52,420,-549.12,1473.11,'2025-10-28 19:22:08'),(366,1,421,-131.39,3754.56,'2025-10-21 19:22:08'),(367,54,422,-256.66,6939.38,'2025-10-26 19:22:08'),(368,93,423,-1541.11,-2731.86,'2025-10-03 19:22:08'),(369,48,424,-1164.90,2893.32,'2025-10-23 19:22:08'),(370,26,425,-1137.79,6394.72,'2025-10-04 19:22:08'),(371,42,426,-1568.16,1453.32,'2025-10-05 19:22:08'),(372,62,427,-951.05,-3072.97,'2025-10-22 19:22:08'),(373,25,428,-143.42,886.24,'2025-10-20 19:22:08'),(374,56,429,-1331.85,9557.76,'2025-10-14 19:22:08'),(375,81,430,-523.22,-2519.00,'2025-10-28 19:22:08'),(376,33,431,-1017.73,2865.77,'2025-10-09 19:22:08'),(377,31,432,-1406.23,4982.05,'2025-10-08 19:22:08'),(378,97,433,-1276.62,7982.73,'2025-10-23 19:22:08'),(379,34,434,-703.76,903.64,'2025-10-11 19:22:08'),(380,19,435,-221.07,4752.78,'2025-10-03 19:22:08'),(381,63,436,-466.53,-520.43,'2025-10-30 19:22:08'),(382,18,437,-1304.95,-2260.47,'2025-10-10 19:22:08'),(383,18,438,-840.65,-2260.47,'2025-10-05 19:22:08'),(384,99,439,-258.47,3461.58,'2025-10-26 19:22:08'),(385,93,440,-1371.17,-2731.86,'2025-10-06 19:22:08'),(386,43,441,-562.75,3884.03,'2025-10-30 19:22:08'),(387,88,442,-255.76,4366.29,'2025-10-27 19:22:08'),(388,14,443,-394.15,1741.33,'2025-10-15 19:22:08'),(389,49,444,-121.64,1831.31,'2025-10-03 19:22:08'),(390,43,445,-1037.49,3884.03,'2025-10-30 19:22:08'),(391,12,446,-638.01,8150.23,'2025-10-07 19:22:08'),(392,47,447,-355.20,9030.55,'2025-10-28 19:22:08'),(393,10,448,-1284.25,-511.81,'2025-10-27 19:22:08'),(394,68,449,-354.59,11561.33,'2025-10-26 19:22:08'),(395,54,450,-847.87,6939.38,'2025-10-09 19:22:08'),(396,99,451,-340.57,3461.58,'2025-10-25 19:22:08'),(397,92,452,-709.63,1611.38,'2025-10-16 19:22:08'),(398,58,453,-852.05,262.68,'2025-10-20 19:22:08'),(399,18,454,-1230.46,-2260.47,'2025-10-07 19:22:08'),(400,25,455,-1280.09,886.24,'2025-10-08 19:22:08'),(401,7,456,-526.45,90.13,'2025-10-07 19:22:08'),(402,60,457,-351.10,3604.87,'2025-10-06 19:22:08'),(403,87,458,-1344.89,4673.84,'2025-10-30 19:22:08'),(404,53,459,-790.32,217.81,'2025-10-30 19:22:08'),(405,71,460,-320.61,1513.95,'2025-10-18 19:22:08'),(406,92,461,-251.70,1611.38,'2025-10-10 19:22:08'),(407,16,462,-749.83,-1291.57,'2025-10-06 19:22:08'),(408,63,463,-734.09,-520.43,'2025-10-18 19:22:08'),(409,72,464,-472.10,396.00,'2025-10-21 19:22:08'),(410,37,465,-371.44,797.10,'2025-10-25 19:22:08'),(411,83,466,-1052.03,8318.04,'2025-10-12 19:22:08'),(412,16,467,-386.69,-1291.57,'2025-10-23 19:22:08'),(413,75,468,-1123.00,-1352.77,'2025-10-23 19:22:08'),(414,88,469,-857.30,4366.29,'2025-10-09 19:22:08'),(415,62,470,-1524.68,-3072.97,'2025-10-16 19:22:08'),(416,80,471,-484.81,543.69,'2025-10-08 19:22:08'),(417,63,472,-1003.50,-520.43,'2025-10-07 19:22:08'),(418,100,473,-258.36,4521.98,'2025-10-30 19:22:08'),(419,8,474,-623.75,8154.45,'2025-10-01 19:22:08'),(420,57,475,-653.49,6309.28,'2025-10-02 19:22:08'),(421,59,476,-724.41,1444.10,'2025-10-12 19:22:08'),(422,22,477,-600.35,1853.56,'2025-10-19 19:22:08'),(423,72,478,-1380.34,396.00,'2025-10-07 19:22:08'),(424,77,479,-1518.35,775.51,'2025-10-29 19:22:08'),(425,15,480,-536.17,-498.04,'2025-10-23 19:22:08'),(426,2,1,150.00,1594.69,'2025-10-27 19:22:08'),(427,3,2,50.00,-3373.85,'2025-10-28 19:22:08'),(428,8,6,90.00,8154.45,'2025-10-24 19:22:08'),(429,12,9,500.00,8150.23,'2025-10-29 19:22:08'),(430,15,11,200.00,-498.04,'2025-10-28 19:22:08'),(431,18,13,150.00,-2260.47,'2025-10-25 19:22:08'),(432,23,17,60.00,3624.41,'2025-10-29 19:22:08'),(433,26,19,80.00,6394.72,'2025-10-29 19:22:08'),(434,29,21,60.00,6137.28,'2025-10-26 19:22:08'),(435,77,26,858.84,775.51,'2025-10-22 19:22:08'),(436,2,27,374.00,1594.69,'2025-10-24 19:22:08'),(437,36,28,205.83,790.01,'2025-10-24 19:22:08'),(438,52,29,122.47,1473.11,'2025-10-01 19:22:08'),(439,20,30,682.04,-903.03,'2025-10-09 19:22:08'),(440,80,31,798.40,543.69,'2025-10-18 19:22:08'),(441,93,32,351.23,-2731.86,'2025-10-28 19:22:08'),(442,64,33,306.17,4166.88,'2025-10-20 19:22:08'),(443,21,34,697.09,8194.64,'2025-10-04 19:22:08'),(444,68,35,212.05,11561.33,'2025-10-11 19:22:08'),(445,88,36,131.95,4366.29,'2025-10-09 19:22:08'),(446,12,37,800.64,8150.23,'2025-10-11 19:22:08'),(447,39,38,536.77,3205.05,'2025-10-16 19:22:08'),(448,70,39,782.88,2985.59,'2025-10-14 19:22:08'),(449,78,40,407.53,3400.61,'2025-10-09 19:22:08'),(450,26,41,667.27,6394.72,'2025-10-19 19:22:08'),(451,74,42,939.79,3972.52,'2025-10-15 19:22:08'),(452,22,43,646.39,1853.56,'2025-10-12 19:22:08'),(453,79,44,410.03,4416.04,'2025-10-14 19:22:08'),(454,73,45,471.41,2636.15,'2025-10-05 19:22:08'),(455,89,46,240.27,222.71,'2025-10-28 19:22:08'),(456,1,47,653.08,3754.56,'2025-10-02 19:22:08'),(457,28,48,707.28,3902.17,'2025-10-26 19:22:08'),(458,53,49,288.40,217.81,'2025-10-11 19:22:08'),(459,91,50,74.70,3985.78,'2025-10-30 19:22:08'),(460,96,51,403.28,6808.40,'2025-10-04 19:22:08'),(461,74,52,242.13,3972.52,'2025-10-16 19:22:08'),(462,14,53,940.77,1741.33,'2025-10-12 19:22:08'),(463,56,54,901.62,9557.76,'2025-10-18 19:22:08'),(464,9,55,432.86,838.87,'2025-10-13 19:22:08'),(465,52,56,626.15,1473.11,'2025-10-12 19:22:08'),(466,54,57,642.32,6939.38,'2025-10-10 19:22:08'),(467,16,58,323.81,-1291.57,'2025-10-02 19:22:08'),(468,68,59,638.14,11561.33,'2025-10-14 19:22:08'),(469,17,60,163.39,10270.14,'2025-10-27 19:22:08'),(470,10,61,630.40,-511.81,'2025-10-30 19:22:08'),(471,91,62,181.80,3985.78,'2025-10-16 19:22:08'),(472,16,63,224.16,-1291.57,'2025-10-08 19:22:08'),(473,33,64,714.80,2865.77,'2025-10-14 19:22:08'),(474,1,65,654.52,3754.56,'2025-10-02 19:22:08'),(475,47,66,566.79,9030.55,'2025-10-03 19:22:08'),(476,55,67,771.01,5120.61,'2025-10-16 19:22:08'),(477,22,68,316.59,1853.56,'2025-10-01 19:22:08'),(478,6,69,508.61,3474.80,'2025-10-07 19:22:08'),(479,71,70,865.09,1513.95,'2025-10-20 19:22:08'),(480,21,71,263.70,8194.64,'2025-10-02 19:22:08'),(481,96,72,347.86,6808.40,'2025-10-15 19:22:08'),(482,8,73,813.57,8154.45,'2025-10-15 19:22:08'),(483,61,74,381.30,4156.68,'2025-10-15 19:22:08'),(484,96,75,113.85,6808.40,'2025-10-28 19:22:08'),(485,90,76,424.32,2698.01,'2025-10-23 19:22:08'),(486,21,77,857.70,8194.64,'2025-10-11 19:22:08'),(487,43,78,351.33,3884.03,'2025-10-11 19:22:08'),(488,19,79,294.71,4752.78,'2025-10-02 19:22:08'),(489,68,80,868.28,11561.33,'2025-10-05 19:22:08'),(490,19,81,902.54,4752.78,'2025-10-01 19:22:08'),(491,77,82,403.22,775.51,'2025-10-08 19:22:08'),(492,66,83,382.49,1157.24,'2025-10-04 19:22:08'),(493,85,84,897.57,8193.56,'2025-10-30 19:22:08'),(494,13,85,922.47,119.54,'2025-10-19 19:22:08'),(495,12,86,830.63,8150.23,'2025-10-21 19:22:08'),(496,32,87,867.32,2735.87,'2025-10-26 19:22:08'),(497,9,88,353.90,838.87,'2025-10-09 19:22:08'),(498,70,89,790.06,2985.59,'2025-10-10 19:22:08'),(499,8,90,338.18,8154.45,'2025-10-15 19:22:08'),(500,83,91,176.55,8318.04,'2025-10-15 19:22:08'),(501,80,92,780.96,543.69,'2025-10-02 19:22:08'),(502,92,93,566.77,1611.38,'2025-10-24 19:22:08'),(503,18,94,414.38,-2260.47,'2025-10-06 19:22:08'),(504,6,95,580.15,3474.80,'2025-10-15 19:22:08'),(505,56,96,925.01,9557.76,'2025-10-01 19:22:08'),(506,44,97,963.04,3637.43,'2025-10-14 19:22:08'),(507,73,98,809.23,2636.15,'2025-10-08 19:22:08'),(508,77,99,296.53,775.51,'2025-10-25 19:22:08'),(509,7,100,590.64,90.13,'2025-10-15 19:22:08'),(510,89,101,381.77,222.71,'2025-10-19 19:22:08'),(511,40,102,840.92,4420.43,'2025-10-20 19:22:08'),(512,37,103,184.53,797.10,'2025-10-10 19:22:08'),(513,87,104,589.05,4673.84,'2025-10-16 19:22:08'),(514,14,105,554.73,1741.33,'2025-10-12 19:22:08'),(515,98,106,791.52,9847.42,'2025-10-15 19:22:08'),(516,9,107,243.76,838.87,'2025-10-23 19:22:08'),(517,1,108,207.40,3754.56,'2025-10-14 19:22:08'),(518,19,109,825.04,4752.78,'2025-10-27 19:22:08'),(519,8,110,134.74,8154.45,'2025-10-04 19:22:08'),(520,89,111,364.42,222.71,'2025-10-02 19:22:08'),(521,96,112,525.18,6808.40,'2025-10-10 19:22:08'),(522,59,113,383.62,1444.10,'2025-10-04 19:22:08'),(523,79,114,466.69,4416.04,'2025-10-03 19:22:08'),(524,34,115,645.00,903.64,'2025-10-07 19:22:08'),(525,38,116,276.55,4748.27,'2025-10-13 19:22:08'),(526,96,117,574.32,6808.40,'2025-10-06 19:22:08'),(527,46,118,174.23,3320.88,'2025-10-28 19:22:08'),(528,49,119,779.36,1831.31,'2025-10-11 19:22:08'),(529,37,120,672.78,797.10,'2025-10-03 19:22:08'),(530,28,121,410.84,3902.17,'2025-10-23 19:22:08'),(531,18,122,957.98,-2260.47,'2025-10-21 19:22:08'),(532,65,123,492.08,3704.71,'2025-10-16 19:22:08'),(533,24,124,183.04,2720.20,'2025-10-14 19:22:08'),(534,39,125,504.28,3205.05,'2025-10-07 19:22:08'),(535,34,126,339.11,903.64,'2025-10-12 19:22:08'),(536,87,127,702.38,4673.84,'2025-10-24 19:22:08'),(537,67,128,959.81,2598.34,'2025-10-27 19:22:08'),(538,44,129,738.86,3637.43,'2025-10-18 19:22:08'),(539,22,130,841.84,1853.56,'2025-10-29 19:22:08'),(540,25,131,264.37,886.24,'2025-10-24 19:22:08'),(541,25,132,329.49,886.24,'2025-10-09 19:22:08'),(542,10,133,149.94,-511.81,'2025-10-03 19:22:08'),(543,68,134,695.34,11561.33,'2025-10-04 19:22:08'),(544,87,135,435.88,4673.84,'2025-10-03 19:22:08'),(545,4,136,107.64,1846.30,'2025-10-04 19:22:08'),(546,100,137,803.38,4521.98,'2025-10-13 19:22:08'),(547,97,138,979.36,7982.73,'2025-10-27 19:22:08'),(548,15,139,279.37,-498.04,'2025-10-25 19:22:08'),(549,21,140,429.96,8194.64,'2025-10-11 19:22:08'),(550,97,141,308.58,7982.73,'2025-10-17 19:22:08'),(551,21,142,318.11,8194.64,'2025-10-26 19:22:08'),(552,100,143,176.61,4521.98,'2025-10-30 19:22:08'),(553,24,144,993.15,2720.20,'2025-10-21 19:22:08'),(554,8,145,980.75,8154.45,'2025-10-20 19:22:08'),(555,8,146,864.09,8154.45,'2025-10-07 19:22:08'),(556,45,147,916.28,1920.12,'2025-10-18 19:22:08'),(557,81,148,791.45,-2519.00,'2025-10-27 19:22:08'),(558,96,149,631.74,6808.40,'2025-10-26 19:22:08'),(559,43,150,592.01,3884.03,'2025-10-23 19:22:08'),(560,64,151,756.15,4166.88,'2025-10-06 19:22:08'),(561,97,152,765.72,7982.73,'2025-10-27 19:22:08'),(562,75,153,643.80,-1352.77,'2025-10-12 19:22:08'),(563,23,154,880.44,3624.41,'2025-10-06 19:22:08'),(564,96,155,513.56,6808.40,'2025-10-17 19:22:08'),(565,40,156,357.79,4420.43,'2025-10-26 19:22:08'),(566,72,157,343.75,396.00,'2025-10-29 19:22:08'),(567,87,158,393.76,4673.84,'2025-10-03 19:22:08'),(568,34,159,618.46,903.64,'2025-10-25 19:22:08'),(569,87,160,696.55,4673.84,'2025-10-29 19:22:08'),(570,99,161,477.06,3461.58,'2025-10-29 19:22:08'),(571,77,162,695.32,775.51,'2025-10-15 19:22:08'),(572,46,163,717.57,3320.88,'2025-10-12 19:22:08'),(573,26,164,451.62,6394.72,'2025-10-16 19:22:08'),(574,39,165,814.10,3205.05,'2025-10-01 19:22:08'),(575,51,166,648.36,870.53,'2025-10-20 19:22:08'),(576,78,167,604.85,3400.61,'2025-10-22 19:22:08'),(577,3,168,446.90,-3373.85,'2025-10-07 19:22:08'),(578,22,169,352.71,1853.56,'2025-10-06 19:22:08'),(579,63,170,493.61,-520.43,'2025-10-02 19:22:08'),(580,88,171,368.56,4366.29,'2025-10-23 19:22:08'),(581,91,172,173.88,3985.78,'2025-10-23 19:22:08'),(582,43,173,859.90,3884.03,'2025-10-21 19:22:08'),(583,36,174,797.66,790.01,'2025-10-30 19:22:08'),(584,98,175,698.90,9847.42,'2025-10-18 19:22:08'),(585,60,176,301.67,3604.87,'2025-10-01 19:22:08'),(586,8,177,776.08,8154.45,'2025-10-08 19:22:08'),(587,35,178,961.20,1576.06,'2025-10-02 19:22:08'),(588,73,179,87.01,2636.15,'2025-10-30 19:22:08'),(589,10,180,413.68,-511.81,'2025-10-01 19:22:08'),(590,4,181,233.41,1846.30,'2025-10-08 19:22:08'),(591,67,182,760.03,2598.34,'2025-10-15 19:22:08'),(592,10,183,528.83,-511.81,'2025-10-12 19:22:08'),(593,99,184,839.83,3461.58,'2025-10-14 19:22:08'),(594,6,185,846.58,3474.80,'2025-10-11 19:22:08'),(595,62,186,776.78,-3072.97,'2025-10-14 19:22:08'),(596,89,187,675.12,222.71,'2025-10-23 19:22:08'),(597,95,188,695.58,5502.24,'2025-10-05 19:22:08'),(598,77,189,481.16,775.51,'2025-10-14 19:22:08'),(599,11,190,330.51,5359.62,'2025-10-03 19:22:08'),(600,94,191,274.78,4495.13,'2025-10-24 19:22:08'),(601,1,192,287.54,3754.56,'2025-10-20 19:22:08'),(602,54,193,353.24,6939.38,'2025-10-01 19:22:08'),(603,55,194,112.19,5120.61,'2025-10-24 19:22:08'),(604,64,195,993.94,4166.88,'2025-10-20 19:22:08'),(605,43,196,691.90,3884.03,'2025-10-17 19:22:08'),(606,64,197,223.04,4166.88,'2025-10-17 19:22:08'),(607,61,198,505.07,4156.68,'2025-10-16 19:22:08'),(608,63,199,323.59,-520.43,'2025-10-30 19:22:08'),(609,69,200,410.10,4426.23,'2025-10-28 19:22:08'),(610,39,201,166.38,3205.05,'2025-10-03 19:22:08'),(611,47,202,607.62,9030.55,'2025-10-03 19:22:08'),(612,20,203,54.61,-903.03,'2025-10-25 19:22:08'),(613,24,204,547.02,2720.20,'2025-10-01 19:22:08'),(614,2,205,533.63,1594.69,'2025-10-03 19:22:08'),(615,83,206,775.35,8318.04,'2025-10-16 19:22:08'),(616,31,207,518.29,4982.05,'2025-10-25 19:22:08'),(617,35,208,573.27,1576.06,'2025-10-01 19:22:08'),(618,56,209,684.07,9557.76,'2025-10-18 19:22:08'),(619,19,210,651.54,4752.78,'2025-10-25 19:22:08'),(620,57,211,787.32,6309.28,'2025-10-12 19:22:08'),(621,46,212,920.09,3320.88,'2025-10-21 19:22:08'),(622,8,213,371.56,8154.45,'2025-10-22 19:22:08'),(623,61,214,721.03,4156.68,'2025-10-14 19:22:08'),(624,82,215,624.41,2061.74,'2025-10-26 19:22:08'),(625,20,216,248.35,-903.03,'2025-10-11 19:22:08'),(626,78,217,76.93,3400.61,'2025-10-02 19:22:08'),(627,59,218,122.71,1444.10,'2025-10-02 19:22:08'),(628,7,219,58.05,90.13,'2025-10-25 19:22:08'),(629,65,220,898.93,3704.71,'2025-10-02 19:22:08'),(630,13,221,70.15,119.54,'2025-10-12 19:22:08'),(631,56,222,176.98,9557.76,'2025-10-12 19:22:08'),(632,21,223,50.44,8194.64,'2025-10-30 19:22:08'),(633,15,224,249.79,-498.04,'2025-10-16 19:22:08'),(634,59,225,132.52,1444.10,'2025-10-28 19:22:08'),(635,77,536,453.82,775.51,'2025-10-19 19:22:08'),(636,53,537,1601.43,217.81,'2025-10-17 19:22:08'),(637,95,538,1332.56,5502.24,'2025-10-27 19:22:08'),(638,40,539,2152.10,4420.43,'2025-10-19 19:22:08'),(639,76,540,2031.35,4314.08,'2025-10-29 19:22:08'),(640,98,541,2234.75,9847.42,'2025-10-21 19:22:08'),(641,24,542,778.17,2720.20,'2025-10-10 19:22:08'),(642,65,543,699.35,3704.71,'2025-10-29 19:22:08'),(643,53,544,1645.50,217.81,'2025-10-10 19:22:08'),(644,98,545,2558.76,9847.42,'2025-10-09 19:22:08'),(645,57,546,2169.25,6309.28,'2025-10-01 19:22:08'),(646,8,547,1591.78,8154.45,'2025-10-27 19:22:08'),(647,26,548,3070.53,6394.72,'2025-10-25 19:22:08'),(648,83,549,2059.57,8318.04,'2025-10-23 19:22:08'),(649,37,550,517.52,797.10,'2025-10-07 19:22:08'),(650,70,551,483.22,2985.59,'2025-10-11 19:22:08'),(651,17,552,2626.13,10270.14,'2025-10-19 19:22:08'),(652,17,553,2420.59,10270.14,'2025-10-08 19:22:08'),(653,12,554,1346.08,8150.23,'2025-10-12 19:22:08'),(654,38,555,436.02,4748.27,'2025-10-29 19:22:08'),(655,44,556,322.33,3637.43,'2025-10-18 19:22:08'),(656,38,557,2042.60,4748.27,'2025-10-04 19:22:08'),(657,61,558,1301.75,4156.68,'2025-10-01 19:22:08'),(658,83,559,848.57,8318.04,'2025-10-20 19:22:08'),(659,89,560,1417.72,222.71,'2025-10-09 19:22:08'),(660,37,561,2343.14,797.10,'2025-10-23 19:22:08'),(661,78,562,660.73,3400.61,'2025-10-08 19:22:08'),(662,42,563,2636.17,1453.32,'2025-10-09 19:22:08'),(663,5,564,488.47,-2213.15,'2025-10-16 19:22:08'),(664,33,565,816.59,2865.77,'2025-10-12 19:22:08'),(665,91,566,2323.97,3985.78,'2025-10-01 19:22:08'),(666,43,567,779.49,3884.03,'2025-10-04 19:22:08'),(667,31,568,2921.63,4982.05,'2025-10-20 19:22:08'),(668,92,569,1779.40,1611.38,'2025-10-06 19:22:08'),(669,52,570,483.37,1473.11,'2025-10-22 19:22:08'),(670,73,571,2464.52,2636.15,'2025-10-10 19:22:08'),(671,67,572,978.63,2598.34,'2025-10-08 19:22:08'),(672,83,573,2844.89,8318.04,'2025-10-30 19:22:08'),(673,29,574,1328.20,6137.28,'2025-10-01 19:22:08'),(674,92,575,1936.79,1611.38,'2025-10-30 19:22:08'),(675,64,576,533.97,4166.88,'2025-10-02 19:22:08'),(676,84,577,1072.59,5535.55,'2025-10-05 19:22:08'),(677,47,578,2446.08,9030.55,'2025-10-16 19:22:08'),(678,34,579,925.89,903.64,'2025-10-20 19:22:08'),(679,8,580,1249.29,8154.45,'2025-10-14 19:22:08'),(680,21,581,1308.75,8194.64,'2025-10-29 19:22:08'),(681,52,582,1509.55,1473.11,'2025-10-03 19:22:08'),(682,72,583,2565.57,396.00,'2025-10-13 19:22:08'),(683,58,584,518.91,262.68,'2025-10-09 19:22:08'),(684,15,585,1976.28,-498.04,'2025-10-06 19:22:08'),(685,60,586,1632.61,3604.87,'2025-10-13 19:22:08'),(686,12,587,2707.38,8150.23,'2025-10-12 19:22:08'),(687,57,588,3191.05,6309.28,'2025-10-16 19:22:08'),(688,55,589,1032.81,5120.61,'2025-10-04 19:22:08'),(689,23,590,1579.62,3624.41,'2025-10-09 19:22:08'),(690,68,591,951.85,11561.33,'2025-10-18 19:22:08'),(691,40,592,2333.99,4420.43,'2025-10-08 19:22:08'),(692,59,593,2260.21,1444.10,'2025-10-19 19:22:08'),(693,82,594,2998.71,2061.74,'2025-10-20 19:22:08'),(694,9,595,1281.23,838.87,'2025-10-11 19:22:08'),(695,60,596,365.33,3604.87,'2025-10-24 19:22:08'),(696,68,597,2327.51,11561.33,'2025-10-16 19:22:08'),(697,85,598,2543.58,8193.56,'2025-10-15 19:22:08'),(698,41,599,1719.47,3987.76,'2025-10-27 19:22:08'),(699,56,600,1547.82,9557.76,'2025-10-13 19:22:08'),(700,17,601,426.01,10270.14,'2025-10-26 19:22:08'),(701,19,602,1548.15,4752.78,'2025-10-29 19:22:08'),(702,25,603,308.82,886.24,'2025-10-25 19:22:08'),(703,52,604,324.39,1473.11,'2025-10-25 19:22:08'),(704,98,605,1052.66,9847.42,'2025-10-10 19:22:08'),(705,83,606,585.84,8318.04,'2025-10-17 19:22:08'),(706,68,607,477.27,11561.33,'2025-10-05 19:22:08'),(707,97,608,1049.18,7982.73,'2025-10-08 19:22:08'),(708,17,609,2010.80,10270.14,'2025-10-08 19:22:08'),(709,29,610,521.85,6137.28,'2025-10-26 19:22:08'),(710,68,611,2919.23,11561.33,'2025-10-05 19:22:08'),(711,76,612,826.63,4314.08,'2025-10-24 19:22:08'),(712,78,613,876.83,3400.61,'2025-10-20 19:22:08'),(713,30,614,1597.01,4310.63,'2025-10-07 19:22:08'),(714,56,615,1551.94,9557.76,'2025-10-12 19:22:08'),(715,35,616,2757.20,1576.06,'2025-10-14 19:22:08'),(716,11,617,2813.34,5359.62,'2025-10-14 19:22:08'),(717,69,618,2442.21,4426.23,'2025-10-25 19:22:08'),(718,88,619,2598.97,4366.29,'2025-10-15 19:22:08'),(719,47,620,2426.55,9030.55,'2025-10-19 19:22:08'),(720,100,621,2589.02,4521.98,'2025-10-13 19:22:08'),(721,96,622,284.63,6808.40,'2025-10-24 19:22:08'),(722,38,623,718.74,4748.27,'2025-10-25 19:22:08'),(723,72,624,270.84,396.00,'2025-10-08 19:22:08'),(724,88,625,482.29,4366.29,'2025-10-30 19:22:08'),(725,48,626,1288.39,2893.32,'2025-10-07 19:22:08'),(726,84,627,2650.44,5535.55,'2025-10-19 19:22:08'),(727,19,628,2540.74,4752.78,'2025-10-17 19:22:08'),(728,17,629,1587.31,10270.14,'2025-10-07 19:22:08'),(729,35,630,1447.06,1576.06,'2025-10-01 19:22:08'),(730,83,631,569.63,8318.04,'2025-10-18 19:22:08'),(731,57,632,1972.83,6309.28,'2025-10-13 19:22:08'),(732,10,633,2340.97,-511.81,'2025-10-20 19:22:08'),(733,79,634,2954.05,4416.04,'2025-10-17 19:22:08'),(734,48,635,421.21,2893.32,'2025-10-17 19:22:08'),(735,46,636,2998.13,3320.88,'2025-10-11 19:22:08'),(736,38,637,3041.93,4748.27,'2025-10-26 19:22:08'),(737,97,638,1334.05,7982.73,'2025-10-06 19:22:08'),(738,7,639,2981.71,90.13,'2025-10-20 19:22:08'),(739,50,640,1468.19,4327.97,'2025-10-06 19:22:08'),(740,28,641,2872.26,3902.17,'2025-10-16 19:22:08'),(741,56,642,1063.14,9557.76,'2025-10-29 19:22:08'),(742,95,643,1802.75,5502.24,'2025-10-12 19:22:08'),(743,56,644,3029.39,9557.76,'2025-10-20 19:22:08'),(744,66,645,857.39,1157.24,'2025-10-01 19:22:08'),(745,55,646,2502.67,5120.61,'2025-10-09 19:22:08'),(746,93,647,1768.49,-2731.86,'2025-10-13 19:22:08'),(747,38,648,674.18,4748.27,'2025-10-05 19:22:08'),(748,29,649,2796.94,6137.28,'2025-10-09 19:22:08'),(749,27,650,541.53,2690.97,'2025-10-13 19:22:08'),(750,54,651,2991.86,6939.38,'2025-10-16 19:22:08'),(751,30,652,3143.82,4310.63,'2025-10-24 19:22:08'),(752,97,653,789.44,7982.73,'2025-10-06 19:22:08'),(753,88,654,2927.43,4366.29,'2025-10-05 19:22:08'),(754,50,655,2964.86,4327.97,'2025-10-04 19:22:08'),(755,3,656,1626.12,-3373.85,'2025-10-28 19:22:08'),(756,54,657,1406.21,6939.38,'2025-10-05 19:22:08'),(757,99,658,1412.57,3461.58,'2025-10-28 19:22:08'),(758,27,659,410.54,2690.97,'2025-10-15 19:22:08'),(759,99,660,1197.82,3461.58,'2025-10-13 19:22:08');
/*!40000 ALTER TABLE `wallet_ledger` ENABLE KEYS */;
UNLOCK TABLES;

--
-- Table structure for table `wallets`
--

DROP TABLE IF EXISTS `wallets`;
/*!40101 SET @saved_cs_client     = @@character_set_client */;
/*!50503 SET character_set_client = utf8mb4 */;
CREATE TABLE `wallets` (
  `wallet_id` bigint NOT NULL AUTO_INCREMENT,
  `user_id` bigint NOT NULL,
  `balance` decimal(14,2) NOT NULL DEFAULT '0.00',
  `created_at` timestamp NULL DEFAULT CURRENT_TIMESTAMP,
  PRIMARY KEY (`wallet_id`),
  KEY `idx_wallet_user` (`user_id`),
  CONSTRAINT `wallets_ibfk_1` FOREIGN KEY (`user_id`) REFERENCES `users` (`user_id`) ON DELETE CASCADE
) ENGINE=InnoDB AUTO_INCREMENT=101 DEFAULT CHARSET=utf8mb4 COLLATE=utf8mb4_unicode_ci;
/*!40101 SET character_set_client = @saved_cs_client */;

--
-- Dumping data for table `wallets`
--

LOCK TABLES `wallets` WRITE;
/*!40000 ALTER TABLE `wallets` DISABLE KEYS */;
INSERT INTO `wallets` VALUES (1,1,3754.56,'2025-10-30 19:22:08'),(2,2,1594.69,'2025-10-30 19:22:08'),(3,3,-3373.85,'2025-10-30 19:22:08'),(4,4,1846.30,'2025-10-30 19:22:08'),(5,5,-2213.15,'2025-10-30 19:22:08'),(6,6,3474.80,'2025-10-30 19:22:08'),(7,7,90.13,'2025-10-30 19:22:08'),(8,8,8154.45,'2025-10-30 19:22:08'),(9,9,838.87,'2025-10-30 19:22:08'),(10,10,-511.81,'2025-10-30 19:22:08'),(11,11,5359.62,'2025-10-30 19:22:08'),(12,12,8150.23,'2025-10-30 19:22:08'),(13,13,119.54,'2025-10-30 19:22:08'),(14,14,1741.33,'2025-10-30 19:22:08'),(15,15,-498.04,'2025-10-30 19:22:08'),(16,16,-1291.57,'2025-10-30 19:22:08'),(17,17,10270.14,'2025-10-30 19:22:08'),(18,18,-2260.47,'2025-10-30 19:22:08'),(19,19,4752.78,'2025-10-30 19:22:08'),(20,20,-903.03,'2025-10-30 19:22:08'),(21,21,8194.64,'2025-10-30 19:22:08'),(22,22,1853.56,'2025-10-30 19:22:08'),(23,23,3624.41,'2025-10-30 19:22:08'),(24,24,2720.20,'2025-10-30 19:22:08'),(25,25,886.24,'2025-10-30 19:22:08'),(26,26,6394.72,'2025-10-30 19:22:08'),(27,27,2690.97,'2025-10-30 19:22:08'),(28,28,3902.17,'2025-10-30 19:22:08'),(29,29,6137.28,'2025-10-30 19:22:08'),(30,30,4310.63,'2025-10-30 19:22:08'),(31,31,4982.05,'2025-10-30 19:22:08'),(32,32,2735.87,'2025-10-30 19:22:08'),(33,33,2865.77,'2025-10-30 19:22:08'),(34,34,903.64,'2025-10-30 19:22:08'),(35,35,1576.06,'2025-10-30 19:22:08'),(36,36,790.01,'2025-10-30 19:22:08'),(37,37,797.10,'2025-10-30 19:22:08'),(38,38,4748.27,'2025-10-30 19:22:08'),(39,39,3205.05,'2025-10-30 19:22:08'),(40,40,4420.43,'2025-10-30 19:22:08'),(41,41,3987.76,'2025-10-30 19:22:08'),(42,42,1453.32,'2025-10-30 19:22:08'),(43,43,3884.03,'2025-10-30 19:22:08'),(44,44,3637.43,'2025-10-30 19:22:08'),(45,45,1920.12,'2025-10-30 19:22:08'),(46,46,3320.88,'2025-10-30 19:22:08'),(47,47,9030.55,'2025-10-30 19:22:08'),(48,48,2893.32,'2025-10-30 19:22:08'),(49,49,1831.31,'2025-10-30 19:22:08'),(50,50,4327.97,'2025-10-30 19:22:08'),(51,51,870.53,'2025-10-30 19:22:08'),(52,52,1473.11,'2025-10-30 19:22:08'),(53,53,217.81,'2025-10-30 19:22:08'),(54,54,6939.38,'2025-10-30 19:22:08'),(55,55,5120.61,'2025-10-30 19:22:08'),(56,56,9557.76,'2025-10-30 19:22:08'),(57,57,6309.28,'2025-10-30 19:22:08'),(58,58,262.68,'2025-10-30 19:22:08'),(59,59,1444.10,'2025-10-30 19:22:08'),(60,60,3604.87,'2025-10-30 19:22:08'),(61,61,4156.68,'2025-10-30 19:22:08'),(62,62,-3072.97,'2025-10-30 19:22:08'),(63,63,-520.43,'2025-10-30 19:22:08'),(64,64,4166.88,'2025-10-30 19:22:08'),(65,65,3704.71,'2025-10-30 19:22:08'),(66,66,1157.24,'2025-10-30 19:22:08'),(67,67,2598.34,'2025-10-30 19:22:08'),(68,68,11561.33,'2025-10-30 19:22:08'),(69,69,4426.23,'2025-10-30 19:22:08'),(70,70,2985.59,'2025-10-30 19:22:08'),(71,71,1513.95,'2025-10-30 19:22:08'),(72,72,396.00,'2025-10-30 19:22:08'),(73,73,2636.15,'2025-10-30 19:22:08'),(74,74,3972.52,'2025-10-30 19:22:08'),(75,75,-1352.77,'2025-10-30 19:22:08'),(76,76,4314.08,'2025-10-30 19:22:08'),(77,77,775.51,'2025-10-30 19:22:08'),(78,78,3400.61,'2025-10-30 19:22:08'),(79,79,4416.04,'2025-10-30 19:22:08'),(80,80,543.69,'2025-10-30 19:22:08'),(81,81,-2519.00,'2025-10-30 19:22:08'),(82,82,2061.74,'2025-10-30 19:22:08'),(83,83,8318.04,'2025-10-30 19:22:08'),(84,84,5535.55,'2025-10-30 19:22:08'),(85,85,8193.56,'2025-10-30 19:22:08'),(86,86,1308.53,'2025-10-30 19:22:08'),(87,87,4673.84,'2025-10-30 19:22:08'),(88,88,4366.29,'2025-10-30 19:22:08'),(89,89,222.71,'2025-10-30 19:22:08'),(90,90,2698.01,'2025-10-30 19:22:08'),(91,91,3985.78,'2025-10-30 19:22:08'),(92,92,1611.38,'2025-10-30 19:22:08'),(93,93,-2731.86,'2025-10-30 19:22:08'),(94,94,4495.13,'2025-10-30 19:22:08'),(95,95,5502.24,'2025-10-30 19:22:08'),(96,96,6808.40,'2025-10-30 19:22:08'),(97,97,7982.73,'2025-10-30 19:22:08'),(98,98,9847.42,'2025-10-30 19:22:08'),(99,99,3461.58,'2025-10-30 19:22:08'),(100,100,4521.98,'2025-10-30 19:22:08');
/*!40000 ALTER TABLE `wallets` ENABLE KEYS */;
UNLOCK TABLES;

--
-- Dumping routines for database 'paymo'
--
/*!40103 SET TIME_ZONE=@OLD_TIME_ZONE */;

/*!40101 SET SQL_MODE=@OLD_SQL_MODE */;
/*!40014 SET FOREIGN_KEY_CHECKS=@OLD_FOREIGN_KEY_CHECKS */;
/*!40014 SET UNIQUE_CHECKS=@OLD_UNIQUE_CHECKS */;
/*!40101 SET CHARACTER_SET_CLIENT=@OLD_CHARACTER_SET_CLIENT */;
/*!40101 SET CHARACTER_SET_RESULTS=@OLD_CHARACTER_SET_RESULTS */;
/*!40101 SET COLLATION_CONNECTION=@OLD_COLLATION_CONNECTION */;
/*!40111 SET SQL_NOTES=@OLD_SQL_NOTES */;

-- Dump completed on 2025-11-10 15:04:46
